chunk_id,doc_id,chunk_type,asset_type,fault_type,slot_key,content,keywords,source_ref,priority,version
C000001,BRK_PLAN_20260410,template_clause,断路器,通用,template,为高效有序地处理{fault_type}，避免或最大限度地减轻{fault_type}及造成的经济损失，保障员工生命和企业财产安全，维护社会稳定，特编制本应急处置方案。,模板|1.1|编制目的,template_sections.csv,3,20260410
C000002,BRK_PLAN_20260410,template_clause,断路器,通用,template,《生产安全事故报告和调查处理条例》（国务院令第493号）；《生产经营单位安全生产事故应急预案编制导则》（GB/T 29639—2013）；《电力安全事故应急处置和调查处理条例》（国务院令第599号）；《电力企业应急预案管理办法》（国能安全〔2014〕508号）；《电力企业现场处置方案编制导则（试行）》；《电力安全工作规程》（发电厂和变电站电气部分）（GB 26860—2011）。,模板|1.2|编制依据,template_sections.csv,3,20260410
C000003,BRK_PLAN_20260410,template_clause,断路器,通用,template,本方案适用于{fault_type}的应急处置和应急救援工作。,模板|1.3|适用范围,template_sections.csv,3,20260410
C000004,BRK_PLAN_20260410,template_clause,断路器,通用,template,{fault_type}可能导致{fault_consequence}。,模板|2.1.1|危险性分析,template_sections.csv,3,20260410
C000005,BRK_PLAN_20260410,template_clause,断路器,通用,template,{fault_type}为{fault_level}。,模板|2.1.2|事件类型,template_sections.csv,3,20260410
C000006,BRK_PLAN_20260410,template_clause,断路器,通用,template,{fault_object}。,模板|2.2|事件可能发生的区域、地点和装置名称,template_sections.csv,3,20260410
C000007,BRK_PLAN_20260410,template_clause,断路器,通用,template,{fault_type}可能造成{fault_consequence}。,模板|2.3|事故可能造成的危害,template_sections.csv,3,20260410
C000008,BRK_PLAN_20260410,template_clause,断路器,通用,template,{precursor},模板|2.4|事前征兆,template_sections.csv,3,20260410
C000009,BRK_PLAN_20260410,template_clause,断路器,通用,template,{action_steps},模板|4.2|现场应急处置措施,template_sections.csv,3,20260410
C000010,BRK_PLAN_20260410,template_clause,断路器,通用,template,{safety_risk},模板|5.1|注意事项,template_sections.csv,3,20260410
C000011,BRK_PLAN_20260410,slot_fact,断路器,灭弧与介质状态故障,fault_object,灭弧与介质状态故障可能发生于高压断路器本体及其灭弧室、绝缘支撑结构、操动机构、导电回路、控制与测量二次回路相关装置 相关定义：灭弧与介质状态故障：高压断路器故障一级大类：灭弧与介质状态故障。,断路器|灭弧与介质状态故障|fault_object,关系_links.xlsx,4,20260410
C000012,BRK_PLAN_20260410,slot_fact,断路器,导电回路与开断故障,fault_object,导电回路与开断故障可能发生于高压断路器本体及其灭弧室、绝缘支撑结构、操动机构、导电回路、控制与测量二次回路相关装置 相关定义：导电回路与开断故障：高压断路器故障一级大类：导电回路与开断故障。,断路器|导电回路与开断故障|fault_object,关系_links.xlsx,4,20260410
C000013,BRK_PLAN_20260410,slot_fact,断路器,合分闸操作故障,fault_object,合分闸操作故障可能发生于高压断路器本体及其灭弧室、绝缘支撑结构、操动机构、导电回路、控制与测量二次回路相关装置 相关定义：合分闸操作故障：高压断路器故障一级大类：合分闸操作故障。,断路器|合分闸操作故障|fault_object,关系_links.xlsx,4,20260410
C000014,BRK_PLAN_20260410,slot_fact,断路器,操动机构与机械传动故障,fault_object,操动机构与机械传动故障可能发生于高压断路器本体及其灭弧室、绝缘支撑结构、操动机构、导电回路、控制与测量二次回路相关装置 相关定义：操动机构与机械传动故障：高压断路器故障一级大类：操动机构与机械传动故障。,断路器|操动机构与机械传动故障|fault_object,关系_links.xlsx,4,20260410
C000015,BRK_PLAN_20260410,slot_fact,断路器,操作能源与控制回路故障,fault_object,操作能源与控制回路故障可能发生于高压断路器本体及其灭弧室、绝缘支撑结构、操动机构、导电回路、控制与测量二次回路相关装置 相关定义：操作能源与控制回路故障：高压断路器故障一级大类：操作能源与控制回路故障。,断路器|操作能源与控制回路故障|fault_object,关系_links.xlsx,4,20260410
C000016,BRK_PLAN_20260410,slot_fact,断路器,继电保护与测量二次回路故障,fault_object,继电保护与测量二次回路故障可能发生于高压断路器本体及其灭弧室、绝缘支撑结构、操动机构、导电回路、控制与测量二次回路相关装置 相关定义：继电保护与测量二次回路故障：高压断路器故障一级大类：继电保护与测量二次回路故障。,断路器|继电保护与测量二次回路故障|fault_object,关系_links.xlsx,4,20260410
C000017,BRK_PLAN_20260410,slot_fact,断路器,本体绝缘与支撑结构故障,fault_object,本体绝缘与支撑结构故障可能发生于高压断路器本体及其灭弧室、绝缘支撑结构、操动机构、导电回路、控制与测量二次回路相关装置 相关定义：本体绝缘与支撑结构故障：高压断路器故障一级大类：本体绝缘与支撑结构故障。,断路器|本体绝缘与支撑结构故障|fault_object,关系_links.xlsx,4,20260410
C000018,BRK_PLAN_20260410,slot_fact,断路器,灭弧与介质状态故障,knowledge_fact,灭弧与介质状态故障包含油断路器缺油故障 相关定义：灭弧与介质状态故障：高压断路器故障一级大类：灭弧与介质状态故障；油断路器缺油故障：灭弧与介质状态故障下的二级故障小类：油断路器缺油故障。,断路器|灭弧与介质状态故障|knowledge_fact,关系_links.xlsx,2,20260410
C000019,BRK_PLAN_20260410,slot_fact,断路器,灭弧与介质状态故障,knowledge_fact,油断路器缺油故障的故障原因为：主要由于断路器灭弧室或油路存在漏油、渗油问题，导致油位持续下降；当油位计中已看不见油面且伴随明显漏油现象时，说明断路器已严重缺油，不能再安全承担开断任务 相关定义：油断路器缺油故障：灭弧与介质状态故障下的二级故障小类：油断路器缺油故障。,断路器|灭弧与介质状态故障|knowledge_fact,关系_links.xlsx,2,20260410
C000020,BRK_PLAN_20260410,slot_fact,断路器,灭弧与介质状态故障,precursor,油断路器缺油故障的故障现象为：主要表现为油位计中看不见油面、灭弧室或油路存在明显漏油、渗油痕迹，断路器开断安全性下降，运行中出现严重缺油告警或被要求停止运行 相关定义：油断路器缺油故障：灭弧与介质状态故障下的二级故障小类：油断路器缺油故障。,断路器|灭弧与介质状态故障|precursor,关系_links.xlsx,4,20260410
C000021,BRK_PLAN_20260410,slot_fact,断路器,灭弧与介质状态故障,knowledge_fact,油断路器缺油故障处置油断路器缺油故障-应对措施 相关定义：油断路器缺油故障-应对措施：发现油位计中看不见油面且伴有明显漏油时，应立即评估断路器是否还能安全开断，必要时停止运行；同时查明漏油部位，采取可靠安全措施处理，严禁在严重缺油状态下继续带病运行；油断路器缺油故障：灭弧与介质状态故障下的二级故障小类：油断路器缺油故障。,断路器|灭弧与介质状态故障|knowledge_fact,关系_links.xlsx,2,20260410
C000022,BRK_PLAN_20260410,slot_fact,断路器,灭弧与介质状态故障,fault_consequence,油断路器缺油故障-故障后果 相关定义：油断路器缺油故障-故障后果：主要后果是灭弧能力和开断安全性显著下降，严重时断路器不能安全切断电路，可能进一步引发设备损坏、停运和事故扩大；油断路器缺油故障：灭弧与介质状态故障下的二级故障小类：油断路器缺油故障。,断路器|灭弧与介质状态故障|fault_consequence,关系_links.xlsx,5,20260410
C000023,BRK_PLAN_20260410,slot_fact,断路器,灭弧与介质状态故障,knowledge_fact,油断路器缺油故障-应对措施存在油断路器缺油故障-安全风险 相关定义：油断路器缺油故障-应对措施：发现油位计中看不见油面且伴有明显漏油时，应立即评估断路器是否还能安全开断，必要时停止运行；同时查明漏油部位，采取可靠安全措施处理，严禁在严重缺油状态下继续带病运行；油断路器缺油故障-安全风险：在停电检查、补油和处理漏油过程中，主要存在触电、电弧灼伤、油介质着火和误操作停电风险；若带病运行，还会增加开断失效风险。,断路器|灭弧与介质状态故障|knowledge_fact,关系_links.xlsx,2,20260410
C000024,BRK_PLAN_20260410,slot_fact,断路器,灭弧与介质状态故障,knowledge_fact,油断路器缺油故障-应对措施需要油断路器缺油故障-应急资源 相关定义：油断路器缺油故障-应对措施：发现油位计中看不见油面且伴有明显漏油时，应立即评估断路器是否还能安全开断，必要时停止运行；同时查明漏油部位，采取可靠安全措施处理，严禁在严重缺油状态下继续带病运行；油断路器缺油故障-应急资源：主要需要绝缘防护用品、停电检修票证、补油设备、漏油点处理工具、备用绝缘油、油位检测工具和现场检修人员。,断路器|灭弧与介质状态故障|knowledge_fact,关系_links.xlsx,2,20260410
C000025,BRK_PLAN_20260410,slot_fact,断路器,灭弧与介质状态故障,knowledge_fact,灭弧与介质状态故障包含空气断路器气压降低故障 相关定义：空气断路器气压降低故障：灭弧与介质状态故障下的二级故障小类：空气断路器气压降低故障；灭弧与介质状态故障：高压断路器故障一级大类：灭弧与介质状态故障。,断路器|灭弧与介质状态故障|knowledge_fact,关系_links.xlsx,2,20260410
C000026,BRK_PLAN_20260410,slot_fact,断路器,灭弧与介质状态故障,knowledge_fact,空气断路器气压降低故障的故障原因为：主要由于空气断路器运行气压低于规定的最小允许压力值，可能与供气不足、气路泄漏、压力维持能力下降或相关部件异常有关，从而使断路器安全运行条件被破坏 相关定义：空气断路器气压降低故障：灭弧与介质状态故障下的二级故障小类：空气断路器气压降低故障。,断路器|灭弧与介质状态故障|knowledge_fact,关系_links.xlsx,2,20260410
C000027,BRK_PLAN_20260410,slot_fact,断路器,灭弧与介质状态故障,precursor,空气断路器气压降低故障的故障现象为：主要表现为运行气压降至允许值以下、压力信号触发、操作回路被切断或重合闸被自动闭锁，并伴随断路器运行能力下降 相关定义：空气断路器气压降低故障：灭弧与介质状态故障下的二级故障小类：空气断路器气压降低故障。,断路器|灭弧与介质状态故障|precursor,关系_links.xlsx,4,20260410
C000028,BRK_PLAN_20260410,slot_fact,断路器,灭弧与介质状态故障,knowledge_fact,空气断路器气压降低故障处置空气断路器气压降低故障-应对措施 相关定义：空气断路器气压降低故障-应对措施：应迅速检查压力下降原因，利用气压降低接点切断操作回路或停止重合闸，防止带病动作；必要时停止该断路器运行，恢复正常压力条件后再投入；空气断路器气压降低故障：灭弧与介质状态故障下的二级故障小类：空气断路器气压降低故障。,断路器|灭弧与介质状态故障|knowledge_fact,关系_links.xlsx,2,20260410
C000029,BRK_PLAN_20260410,slot_fact,断路器,灭弧与介质状态故障,fault_consequence,空气断路器气压降低故障-故障后果 相关定义：空气断路器气压降低故障-故障后果：主要后果是操作回路被切断或重合闸被闭锁，断路器运行能力下降，无法可靠执行分合闸操作，影响供电可靠性和故障处置能力；空气断路器气压降低故障：灭弧与介质状态故障下的二级故障小类：空气断路器气压降低故障。,断路器|灭弧与介质状态故障|fault_consequence,关系_links.xlsx,5,20260410
C000030,BRK_PLAN_20260410,slot_fact,断路器,灭弧与介质状态故障,knowledge_fact,空气断路器气压降低故障-应对措施存在空气断路器气压降低故障-安全风险 相关定义：空气断路器气压降低故障-应对措施：应迅速检查压力下降原因，利用气压降低接点切断操作回路或停止重合闸，防止带病动作；必要时停止该断路器运行，恢复正常压力条件后再投入；空气断路器气压降低故障-安全风险：在检查气压、恢复供气和处理压力异常时，主要存在带压系统突然释放、误动作、触电以及运行方式切换造成的停电风险。,断路器|灭弧与介质状态故障|knowledge_fact,关系_links.xlsx,2,20260410
C000031,BRK_PLAN_20260410,slot_fact,断路器,灭弧与介质状态故障,knowledge_fact,空气断路器气压降低故障-应对措施需要空气断路器气压降低故障-应急资源 相关定义：空气断路器气压降低故障-应对措施：应迅速检查压力下降原因，利用气压降低接点切断操作回路或停止重合闸，防止带病动作；必要时停止该断路器运行，恢复正常压力条件后再投入；空气断路器气压降低故障-应急资源：主要需要压力检测仪表、供气或补压设备、气路检漏工具、绝缘防护用品、现场值检人员和停电检修条件。,断路器|灭弧与介质状态故障|knowledge_fact,关系_links.xlsx,2,20260410
C000032,BRK_PLAN_20260410,slot_fact,断路器,灭弧与介质状态故障,knowledge_fact,灭弧与介质状态故障包含六氟化硫介质泄漏故障 相关定义：六氟化硫介质泄漏故障：灭弧与介质状态故障下的二级故障小类：六氟化硫介质泄漏故障；灭弧与介质状态故障：高压断路器故障一级大类：灭弧与介质状态故障。,断路器|灭弧与介质状态故障|knowledge_fact,关系_links.xlsx,2,20260410
C000033,BRK_PLAN_20260410,slot_fact,断路器,灭弧与介质状态故障,knowledge_fact,六氟化硫介质泄漏故障的故障原因为：主要由于六氟化硫气室、密封部位或连接部位漏气，导致气体压力下降并触发报警；严重时会出现大量漏气和气体外逸，危及绝缘和灭弧性能，也带来人员防护风险 相关定义：六氟化硫介质泄漏故障：灭弧与介质状态故障下的二级故障小类：六氟化硫介质泄漏故障。,断路器|灭弧与介质状态故障|knowledge_fact,关系_links.xlsx,2,20260410
C000034,BRK_PLAN_20260410,slot_fact,断路器,灭弧与介质状态故障,precursor,六氟化硫介质泄漏故障的故障现象为：主要表现为表压下降、气体压力报警、漏气点可被检漏仪检出，严重时会出现大量漏气、气体外逸以及刺激性气味，人员进入现场需加强防护 相关定义：六氟化硫介质泄漏故障：灭弧与介质状态故障下的二级故障小类：六氟化硫介质泄漏故障。,断路器|灭弧与介质状态故障|precursor,关系_links.xlsx,4,20260410
C000035,BRK_PLAN_20260410,slot_fact,断路器,灭弧与介质状态故障,knowledge_fact,六氟化硫介质泄漏故障处置六氟化硫介质泄漏故障-应对措施 相关定义：六氟化硫介质泄漏故障-应对措施：出现压力报警时应先检查压力表并用检漏仪查找漏点，按规定进行补气和密封处理；若发现大量漏气，应设法停电处理。发生气体外逸时，应立即撤离人员、投入全部通风装置，并按防护要求穿戴防护衣、手套和防毒面具；六氟化硫介质泄漏故障：灭弧与介质状态故障下的二级故障小类：六氟化硫介质泄漏故障。,断路器|灭弧与介质状态故障|knowledge_fact,关系_links.xlsx,2,20260410
C000036,BRK_PLAN_20260410,slot_fact,断路器,灭弧与介质状态故障,fault_consequence,六氟化硫介质泄漏故障-故障后果 相关定义：六氟化硫介质泄漏故障-故障后果：主要后果是绝缘和灭弧性能下降，断路器被迫停运或限运；大量漏气时还会带来人员暴露风险和现场处置难度增加；六氟化硫介质泄漏故障：灭弧与介质状态故障下的二级故障小类：六氟化硫介质泄漏故障。,断路器|灭弧与介质状态故障|fault_consequence,关系_links.xlsx,5,20260410
C000037,BRK_PLAN_20260410,slot_fact,断路器,灭弧与介质状态故障,knowledge_fact,六氟化硫介质泄漏故障-应对措施存在六氟化硫介质泄漏故障-安全风险 相关定义：六氟化硫介质泄漏故障-应对措施：出现压力报警时应先检查压力表并用检漏仪查找漏点，按规定进行补气和密封处理；若发现大量漏气，应设法停电处理。发生气体外逸时，应立即撤离人员、投入全部通风装置，并按防护要求穿戴防护衣、手套和防毒面具；六氟化硫介质泄漏故障-安全风险：在查漏、补气和停电检修过程中，主要存在气体外逸、缺氧或有害气体暴露、触电、电弧灼伤和防护不到位导致的人身伤害风险。,断路器|灭弧与介质状态故障|knowledge_fact,关系_links.xlsx,2,20260410
C000038,BRK_PLAN_20260410,slot_fact,断路器,灭弧与介质状态故障,knowledge_fact,六氟化硫介质泄漏故障-应对措施需要六氟化硫介质泄漏故障-应急资源 相关定义：六氟化硫介质泄漏故障-应对措施：出现压力报警时应先检查压力表并用检漏仪查找漏点，按规定进行补气和密封处理；若发现大量漏气，应设法停电处理。发生气体外逸时，应立即撤离人员、投入全部通风装置，并按防护要求穿戴防护衣、手套和防毒面具；六氟化硫介质泄漏故障-应急资源：主要需要检漏仪、补气和回收装置、通风设备、防毒面具、防护服、手套、气体处理人员和停电检修条件。,断路器|灭弧与介质状态故障|knowledge_fact,关系_links.xlsx,2,20260410
C000039,BRK_PLAN_20260410,slot_fact,断路器,灭弧与介质状态故障,knowledge_fact,灭弧与介质状态故障包含灭弧室烧损爆炸故障 相关定义：灭弧与介质状态故障：高压断路器故障一级大类：灭弧与介质状态故障；灭弧室烧损爆炸故障：灭弧与介质状态故障下的二级故障小类：灭弧室烧损爆炸故障。,断路器|灭弧与介质状态故障|knowledge_fact,关系_links.xlsx,2,20260410
C000040,BRK_PLAN_20260410,slot_fact,断路器,灭弧与介质状态故障,knowledge_fact,灭弧室烧损爆炸故障的故障原因为：主要由于安装地点实际短路电流超过断路器开断能力、系统短路电流控制不当、灭弧室油位过低或严重缺油、开断故障后喷油严重未及时处理等因素，使灭弧室在高能量开断过程中发生烧损甚至爆炸 相关定义：灭弧室烧损爆炸故障：灭弧与介质状态故障下的二级故障小类：灭弧室烧损爆炸故障。,断路器|灭弧与介质状态故障|knowledge_fact,关系_links.xlsx,2,20260410
C000041,BRK_PLAN_20260410,slot_fact,断路器,灭弧与介质状态故障,precursor,灭弧室烧损爆炸故障的故障现象为：主要表现为灭弧室烧损、喷油严重、绝缘和灭弧性能急剧下降，严重时出现爆炸、飞溅、设备严重损伤等危险现象 相关定义：灭弧室烧损爆炸故障：灭弧与介质状态故障下的二级故障小类：灭弧室烧损爆炸故障。,断路器|灭弧与介质状态故障|precursor,关系_links.xlsx,4,20260410
C000042,BRK_PLAN_20260410,slot_fact,断路器,灭弧与介质状态故障,knowledge_fact,灭弧室烧损爆炸故障处置灭弧室烧损爆炸故障-应对措施 相关定义：灭弧室烧损爆炸故障-应对措施：应定期核算安装地点短路电流，合理改变系统运行方式、采取限流措施并在继电保护上优化跳闸顺序；对开断能力不足的设备及时调换或升级，同时加强灭弧室油位监视、按规定开展检修，并在液压机构打压频繁或突然失压时及时停电处理；灭弧室烧损爆炸故障：灭弧与介质状态故障下的二级故障小类：灭弧室烧损爆炸故障。,断路器|灭弧与介质状态故障|knowledge_fact,关系_links.xlsx,2,20260410
C000043,BRK_PLAN_20260410,slot_fact,断路器,灭弧与介质状态故障,fault_consequence,灭弧室烧损爆炸故障-故障后果 相关定义：灭弧室烧损爆炸故障-故障后果：主要后果是灭弧室严重损坏甚至爆炸，导致设备报废、停电范围扩大，并伴随人身伤害和次生事故风险；灭弧室烧损爆炸故障：灭弧与介质状态故障下的二级故障小类：灭弧室烧损爆炸故障。,断路器|灭弧与介质状态故障|fault_consequence,关系_links.xlsx,5,20260410
C000044,BRK_PLAN_20260410,slot_fact,断路器,灭弧与介质状态故障,knowledge_fact,灭弧室烧损爆炸故障-应对措施存在灭弧室烧损爆炸故障-安全风险 相关定义：灭弧室烧损爆炸故障-应对措施：应定期核算安装地点短路电流，合理改变系统运行方式、采取限流措施并在继电保护上优化跳闸顺序；对开断能力不足的设备及时调换或升级，同时加强灭弧室油位监视、按规定开展检修，并在液压机构打压频繁或突然失压时及时停电处理；灭弧室烧损爆炸故障-安全风险：主要安全风险包括爆炸、飞溅、火灾、电弧灼伤、人身伤害以及事故扩大造成的大范围停电和应急处置风险。,断路器|灭弧与介质状态故障|knowledge_fact,关系_links.xlsx,2,20260410
C000045,BRK_PLAN_20260410,slot_fact,断路器,灭弧与介质状态故障,knowledge_fact,灭弧室烧损爆炸故障-应对措施需要灭弧室烧损爆炸故障-应急资源 相关定义：灭弧室烧损爆炸故障-应对措施：应定期核算安装地点短路电流，合理改变系统运行方式、采取限流措施并在继电保护上优化跳闸顺序；对开断能力不足的设备及时调换或升级，同时加强灭弧室油位监视、按规定开展检修，并在液压机构打压频繁或突然失压时及时停电处理；灭弧室烧损爆炸故障-应急资源：主要需要事故隔离和消防装备、备用断路器或灭弧室组件、短路电流核算资料、抢修工器具、起吊设备和应急检修人员。,断路器|灭弧与介质状态故障|knowledge_fact,关系_links.xlsx,2,20260410
C000046,BRK_PLAN_20260410,slot_fact,断路器,导电回路与开断故障,knowledge_fact,导电回路与开断故障包含断路故障 相关定义：导电回路与开断故障：高压断路器故障一级大类：导电回路与开断故障；断路故障：导电回路与开断故障下的二级故障小类：断路故障。,断路器|导电回路与开断故障|knowledge_fact,关系_links.xlsx,2,20260410
C000047,BRK_PLAN_20260410,slot_fact,断路器,导电回路与开断故障,knowledge_fact,断路故障的故障原因为：主要由于导电回路中的连接件、触头、导电夹或相关部件接触失效、松动断裂、材质不良或强度不足，在运行或操作过程中发生变形、损伤或断开，导致电流通路中断 相关定义：断路故障：导电回路与开断故障下的二级故障小类：断路故障。,断路器|导电回路与开断故障|knowledge_fact,关系_links.xlsx,2,20260410
C000048,BRK_PLAN_20260410,slot_fact,断路器,导电回路与开断故障,precursor,断路故障的故障现象为：主要表现为电流通路中断、回路不导通、设备不能正常送电或运行中突然失去导通能力 相关定义：断路故障：导电回路与开断故障下的二级故障小类：断路故障。,断路器|导电回路与开断故障|precursor,关系_links.xlsx,4,20260410
C000049,BRK_PLAN_20260410,slot_fact,断路器,导电回路与开断故障,knowledge_fact,断路故障处置断路故障-应对措施 相关定义：断路故障-应对措施：应重点检查导电回路中的触头、导电夹、连接件和相关结构件，查找断点、松动和损伤部位，对接触失效、材质不良或强度不足的零件及时更换和紧固；断路故障：导电回路与开断故障下的二级故障小类：断路故障。,断路器|导电回路与开断故障|knowledge_fact,关系_links.xlsx,2,20260410
C000050,BRK_PLAN_20260410,slot_fact,断路器,导电回路与开断故障,fault_consequence,断路故障-故障后果 相关定义：断路故障-故障后果：主要后果是电流通路中断，设备无法正常送电或持续运行，直接造成停电、运行中断或功能失效；断路故障：导电回路与开断故障下的二级故障小类：断路故障。,断路器|导电回路与开断故障|fault_consequence,关系_links.xlsx,5,20260410
C000051,BRK_PLAN_20260410,slot_fact,断路器,导电回路与开断故障,knowledge_fact,断路故障-应对措施存在断路故障-安全风险 相关定义：断路故障-应对措施：应重点检查导电回路中的触头、导电夹、连接件和相关结构件，查找断点、松动和损伤部位，对接触失效、材质不良或强度不足的零件及时更换和紧固；断路故障-安全风险：在排查断点、拆装导电回路和恢复送电过程中，主要存在误送电、触电、电弧灼伤和停电范围扩大的风险。,断路器|导电回路与开断故障|knowledge_fact,关系_links.xlsx,2,20260410
C000052,BRK_PLAN_20260410,slot_fact,断路器,导电回路与开断故障,knowledge_fact,断路故障-应对措施需要断路故障-应急资源 相关定义：断路故障-应对措施：应重点检查导电回路中的触头、导电夹、连接件和相关结构件，查找断点、松动和损伤部位，对接触失效、材质不良或强度不足的零件及时更换和紧固；断路故障-应急资源：主要需要连续性检测工具、绝缘防护用品、备用导电连接件、紧固工器具、停电作业条件和检修人员。,断路器|导电回路与开断故障|knowledge_fact,关系_links.xlsx,2,20260410
C000053,BRK_PLAN_20260410,slot_fact,断路器,导电回路与开断故障,knowledge_fact,导电回路与开断故障包含导电回路直阻超标故障 相关定义：导电回路直阻超标故障：导电回路与开断故障下的二级故障小类：导电回路直阻超标故障；导电回路与开断故障：高压断路器故障一级大类：导电回路与开断故障。,断路器|导电回路与开断故障|knowledge_fact,关系_links.xlsx,2,20260410
C000054,BRK_PLAN_20260410,slot_fact,断路器,导电回路与开断故障,knowledge_fact,导电回路直阻超标故障的故障原因为：主要由于真空泡上部接触面、导电夹、触头拐臂与上、下出线端的接触面氧化、接触压力不足、固定螺钉松动或接触不良，使接触电阻增大并导致导电回路直流电阻超标 相关定义：导电回路直阻超标故障：导电回路与开断故障下的二级故障小类：导电回路直阻超标故障。,断路器|导电回路与开断故障|knowledge_fact,关系_links.xlsx,2,20260410
C000055,BRK_PLAN_20260410,slot_fact,断路器,导电回路与开断故障,precursor,导电回路直阻超标故障的故障现象为：主要表现为导电回路直流电阻测量值超出标准要求，接触部位发热增大，导电性能下降 相关定义：导电回路直阻超标故障：导电回路与开断故障下的二级故障小类：导电回路直阻超标故障。,断路器|导电回路与开断故障|precursor,关系_links.xlsx,4,20260410
C000056,BRK_PLAN_20260410,slot_fact,断路器,导电回路与开断故障,knowledge_fact,导电回路直阻超标故障处置导电回路直阻超标故障-应对措施 相关定义：导电回路直阻超标故障-应对措施：应首先检查真空泡上部接触面和导电夹固定螺钉并重新紧固；若仍超标，应拆检触头拐臂与上下出线端的接触面，清除氧化层后重新装配并复测直阻；导电回路直阻超标故障：导电回路与开断故障下的二级故障小类：导电回路直阻超标故障。,断路器|导电回路与开断故障|knowledge_fact,关系_links.xlsx,2,20260410
C000057,BRK_PLAN_20260410,slot_fact,断路器,导电回路与开断故障,fault_consequence,导电回路直阻超标故障-故障后果 相关定义：导电回路直阻超标故障-故障后果：主要后果是接触部位发热加剧、导电性能恶化，长期发展会加速触头损伤，严重时引起设备烧损和停运；导电回路直阻超标故障：导电回路与开断故障下的二级故障小类：导电回路直阻超标故障。,断路器|导电回路与开断故障|fault_consequence,关系_links.xlsx,5,20260410
C000058,BRK_PLAN_20260410,slot_fact,断路器,导电回路与开断故障,knowledge_fact,导电回路直阻超标故障-应对措施存在导电回路直阻超标故障-安全风险 相关定义：导电回路直阻超标故障-应对措施：应首先检查真空泡上部接触面和导电夹固定螺钉并重新紧固；若仍超标，应拆检触头拐臂与上下出线端的接触面，清除氧化层后重新装配并复测直阻；导电回路直阻超标故障-安全风险：在测量直阻、处理接触面和紧固导电连接时，主要存在发热点烫伤、触电、电弧灼伤和恢复不当后再次过热的风险。,断路器|导电回路与开断故障|knowledge_fact,关系_links.xlsx,2,20260410
C000059,BRK_PLAN_20260410,slot_fact,断路器,导电回路与开断故障,knowledge_fact,导电回路直阻超标故障-应对措施需要导电回路直阻超标故障-应急资源 相关定义：导电回路直阻超标故障-应对措施：应首先检查真空泡上部接触面和导电夹固定螺钉并重新紧固；若仍超标，应拆检触头拐臂与上下出线端的接触面，清除氧化层后重新装配并复测直阻；导电回路直阻超标故障-应急资源：主要需要回路电阻测试仪、接触面清理工具、备用导电夹和螺栓、紧固工器具、红外测温或发热检测手段以及检修人员。,断路器|导电回路与开断故障|knowledge_fact,关系_links.xlsx,2,20260410
C000060,BRK_PLAN_20260410,slot_fact,断路器,导电回路与开断故障,knowledge_fact,导电回路与开断故障包含触头及导电连接异常故障 相关定义：触头及导电连接异常故障：导电回路与开断故障下的二级故障小类：触头及导电连接异常故障；导电回路与开断故障：高压断路器故障一级大类：导电回路与开断故障。,断路器|导电回路与开断故障|knowledge_fact,关系_links.xlsx,2,20260410
C000061,BRK_PLAN_20260410,slot_fact,断路器,导电回路与开断故障,knowledge_fact,触头及导电连接异常故障的故障原因为：主要由于触头接触面氧化、导电夹压接不牢、连接螺钉松动、触头拐臂与出线端接触面受损或长期运行后磨损老化，造成导电连接不稳定和接触性能下降 相关定义：触头及导电连接异常故障：导电回路与开断故障下的二级故障小类：触头及导电连接异常故障。,断路器|导电回路与开断故障|knowledge_fact,关系_links.xlsx,2,20260410
C000062,BRK_PLAN_20260410,slot_fact,断路器,导电回路与开断故障,precursor,触头及导电连接异常故障的故障现象为：主要表现为触头接触不稳定、接触面氧化、导电夹或连接部位松动发热、接触电阻增大，严重时会影响导通和开断 相关定义：触头及导电连接异常故障：导电回路与开断故障下的二级故障小类：触头及导电连接异常故障。,断路器|导电回路与开断故障|precursor,关系_links.xlsx,4,20260410
C000063,BRK_PLAN_20260410,slot_fact,断路器,导电回路与开断故障,knowledge_fact,触头及导电连接异常故障处置触头及导电连接异常故障-应对措施 相关定义：触头及导电连接异常故障-应对措施：应检查触头接触面、导电夹、导电连接螺栓及连接拐臂状态，必要时进行清洗、除氧化、紧固和更换，以恢复稳定导电性能；触头及导电连接异常故障：导电回路与开断故障下的二级故障小类：触头及导电连接异常故障。,断路器|导电回路与开断故障|knowledge_fact,关系_links.xlsx,2,20260410
C000064,BRK_PLAN_20260410,slot_fact,断路器,导电回路与开断故障,fault_consequence,触头及导电连接异常故障-故障后果 相关定义：触头及导电连接异常故障-故障后果：主要后果是导通不稳定、发热和接触恶化，进一步会影响开断能力，导致回路异常、设备损伤或停电；触头及导电连接异常故障：导电回路与开断故障下的二级故障小类：触头及导电连接异常故障。,断路器|导电回路与开断故障|fault_consequence,关系_links.xlsx,5,20260410
C000065,BRK_PLAN_20260410,slot_fact,断路器,导电回路与开断故障,knowledge_fact,触头及导电连接异常故障-应对措施存在触头及导电连接异常故障-安全风险 相关定义：触头及导电连接异常故障-应对措施：应检查触头接触面、导电夹、导电连接螺栓及连接拐臂状态，必要时进行清洗、除氧化、紧固和更换，以恢复稳定导电性能；触头及导电连接异常故障-安全风险：在检查和更换触头、导电夹及连接件时，主要存在触电、电弧灼伤、误送电和高温接触部位烫伤风险。,断路器|导电回路与开断故障|knowledge_fact,关系_links.xlsx,2,20260410
C000066,BRK_PLAN_20260410,slot_fact,断路器,导电回路与开断故障,knowledge_fact,触头及导电连接异常故障-应对措施需要触头及导电连接异常故障-应急资源 相关定义：触头及导电连接异常故障-应对措施：应检查触头接触面、导电夹、导电连接螺栓及连接拐臂状态，必要时进行清洗、除氧化、紧固和更换，以恢复稳定导电性能；触头及导电连接异常故障-应急资源：主要需要触头检修工具、备用触头和导电夹、紧固工器具、接触面处理材料、绝缘防护用品和现场检修人员。,断路器|导电回路与开断故障|knowledge_fact,关系_links.xlsx,2,20260410
C000067,BRK_PLAN_20260410,slot_fact,断路器,合分闸操作故障,knowledge_fact,合分闸操作故障包含误动故障 相关定义：合分闸操作故障：高压断路器故障一级大类：合分闸操作故障；误动故障：合分闸操作故障下的二级故障小类：误动故障。,断路器|合分闸操作故障|knowledge_fact,关系_links.xlsx,2,20260410
C000068,BRK_PLAN_20260410,slot_fact,断路器,合分闸操作故障,knowledge_fact,误动故障的故障原因为：误动故障通常由操作人员误碰或错误操作、跳闸机构挂扣不牢而受振动滑脱、跳闸线圈最低动作电压整定过低、跳闸机械部分存在累积效应、直流控制回路短路或两点接地，以及继电保护整定不当、互感器回路异常、保护出口回路接地、寄生回路和环境干扰等因素引起；其中红灯短路易引起误跳，绿灯短路易引起误合 相关定义：误动故障：合分闸操作故障下的二级故障小类：误动故障。,断路器|合分闸操作故障|knowledge_fact,关系_links.xlsx,2,20260410
C000069,BRK_PLAN_20260410,slot_fact,断路器,合分闸操作故障,precursor,误动故障的故障现象为：主要表现为在线路或设备未发生应有动作条件时，断路器突然跳闸或误合闸，伴随状态指示异常、控制信号异常或保护动作与现场工况不一致 相关定义：误动故障：合分闸操作故障下的二级故障小类：误动故障。,断路器|合分闸操作故障|precursor,关系_links.xlsx,4,20260410
C000070,BRK_PLAN_20260410,slot_fact,断路器,合分闸操作故障,knowledge_fact,误动故障处置误动故障-应对措施 相关定义：误动故障-应对措施：应核查误碰和误操作因素，检查跳闸机构挂扣、掣子和连板配合情况，适当校核最低动作电压整定值，处理控制回路短路和接地缺陷，检查红灯、绿灯及监视回路，并复核继电保护整定值、互感器回路和寄生回路；同时加强运行维护和二次回路绝缘检查；误动故障：合分闸操作故障下的二级故障小类：误动故障。,断路器|合分闸操作故障|knowledge_fact,关系_links.xlsx,2,20260410
C000071,BRK_PLAN_20260410,slot_fact,断路器,合分闸操作故障,fault_consequence,误动故障-故障后果 相关定义：误动故障-故障后果：主要后果是非计划跳闸或误合闸，造成停电、运行方式扰动、调度处置压力增大，并增加设备误操作和机构磨损风险；误动故障：合分闸操作故障下的二级故障小类：误动故障。,断路器|合分闸操作故障|fault_consequence,关系_links.xlsx,5,20260410
C000072,BRK_PLAN_20260410,slot_fact,断路器,合分闸操作故障,knowledge_fact,误动故障-应对措施存在误动故障-安全风险 相关定义：误动故障-应对措施：应核查误碰和误操作因素，检查跳闸机构挂扣、掣子和连板配合情况，适当校核最低动作电压整定值，处理控制回路短路和接地缺陷，检查红灯、绿灯及监视回路，并复核继电保护整定值、互感器回路和寄生回路；同时加强运行维护和二次回路绝缘检查；误动故障-安全风险：误动故障会带来误跳、误合、误停电和运行方式扰动风险；在排查和试验过程中，还存在误操作、触电和电弧伤害风险。,断路器|合分闸操作故障|knowledge_fact,关系_links.xlsx,2,20260410
C000073,BRK_PLAN_20260410,slot_fact,断路器,合分闸操作故障,knowledge_fact,误动故障-应对措施需要误动故障-应急资源 相关定义：误动故障-应对措施：应核查误碰和误操作因素，检查跳闸机构挂扣、掣子和连板配合情况，适当校核最低动作电压整定值，处理控制回路短路和接地缺陷，检查红灯、绿灯及监视回路，并复核继电保护整定值、互感器回路和寄生回路；同时加强运行维护和二次回路绝缘检查；误动故障-应急资源：主要需要操作记录、二次回路图纸、保护试验装置、绝缘测试工具、灯光监视回路备件、专业继保人员和运行值班人员。,断路器|合分闸操作故障|knowledge_fact,关系_links.xlsx,2,20260410
C000074,BRK_PLAN_20260410,slot_fact,断路器,合分闸操作故障,knowledge_fact,合分闸操作故障包含拒动故障 相关定义：合分闸操作故障：高压断路器故障一级大类：合分闸操作故障；拒动故障：合分闸操作故障下的二级故障小类：拒动故障。,断路器|合分闸操作故障|knowledge_fact,关系_links.xlsx,2,20260410
C000075,BRK_PLAN_20260410,slot_fact,断路器,合分闸操作故障,knowledge_fact,拒动故障的故障原因为：拒动故障通常由直流操作电源电压异常、控制回路和合分闸回路不通、控制回路接地或接触不良、合分闸线圈失压、欠电压、断线、匝间短路或烧毁、合分闸铁心未动作或动作不到位、操作机构卡阻未复位、辅助开关异常、储能机构不能储能以及液压、气动和低温工况异常等因素综合引起 相关定义：拒动故障：合分闸操作故障下的二级故障小类：拒动故障。,断路器|合分闸操作故障|knowledge_fact,关系_links.xlsx,2,20260410
C000076,BRK_PLAN_20260410,slot_fact,断路器,合分闸操作故障,precursor,拒动故障的故障现象为：主要表现为断路器接到分闸或合闸命令后无动作、动作不到位、分合闸失败、机构被闭锁、无法恢复送电或无法及时切除故障 相关定义：拒动故障：合分闸操作故障下的二级故障小类：拒动故障。,断路器|合分闸操作故障|precursor,关系_links.xlsx,4,20260410
C000077,BRK_PLAN_20260410,slot_fact,断路器,合分闸操作故障,knowledge_fact,拒动故障处置拒动故障-应对措施 相关定义：拒动故障-应对措施：应首先检查直流电源电压、熔断器、蓄电池组和整流电源状态，排查控制回路与合分闸回路是否失压、断线、接触不良或接地，检查合分闸线圈、合分闸铁心和辅助开关动作是否正常，并进行手动试验、低电压试验和机构调整；必要时停电处理液压、气动或低温环境引起的拒动问题；拒动故障：合分闸操作故障下的二级故障小类：拒动故障。,断路器|合分闸操作故障|knowledge_fact,关系_links.xlsx,2,20260410
C000078,BRK_PLAN_20260410,slot_fact,断路器,合分闸操作故障,fault_consequence,拒动故障-故障后果 相关定义：拒动故障-故障后果：主要后果是故障不能及时切除或停电后不能及时恢复送电，可能导致事故扩大、设备过热烧毁、运行受限和供电中断；拒动故障：合分闸操作故障下的二级故障小类：拒动故障。,断路器|合分闸操作故障|fault_consequence,关系_links.xlsx,5,20260410
C000079,BRK_PLAN_20260410,slot_fact,断路器,合分闸操作故障,knowledge_fact,拒动故障-应对措施存在拒动故障-安全风险 相关定义：拒动故障-应对措施：应首先检查直流电源电压、熔断器、蓄电池组和整流电源状态，排查控制回路与合分闸回路是否失压、断线、接触不良或接地，检查合分闸线圈、合分闸铁心和辅助开关动作是否正常，并进行手动试验、低电压试验和机构调整；必要时停电处理液压、气动或低温环境引起的拒动问题；拒动故障-安全风险：拒动故障在处置中主要存在故障不能及时切除、带故障运行、强行操作导致设备损坏、触电和应急停电扩大等风险。,断路器|合分闸操作故障|knowledge_fact,关系_links.xlsx,2,20260410
C000080,BRK_PLAN_20260410,slot_fact,断路器,合分闸操作故障,knowledge_fact,拒动故障-应对措施需要拒动故障-应急资源 相关定义：拒动故障-应对措施：应首先检查直流电源电压、熔断器、蓄电池组和整流电源状态，排查控制回路与合分闸回路是否失压、断线、接触不良或接地，检查合分闸线圈、合分闸铁心和辅助开关动作是否正常，并进行手动试验、低电压试验和机构调整；必要时停电处理液压、气动或低温环境引起的拒动问题；拒动故障-应急资源：主要需要低电压试验电源、万用表和绝缘表、备用线圈和接触器、机构调整工器具、手动操作工具、检修票证和检修人员。,断路器|合分闸操作故障|knowledge_fact,关系_links.xlsx,2,20260410
C000081,BRK_PLAN_20260410,slot_fact,断路器,操动机构与机械传动故障,knowledge_fact,操动机构与机械传动故障包含机构卡阻卡涩故障 相关定义：操动机构与机械传动故障：高压断路器故障一级大类：操动机构与机械传动故障；机构卡阻卡涩故障：操动机构与机械传动故障下的二级故障小类：机构卡阻卡涩故障。,断路器|操动机构与机械传动故障|knowledge_fact,关系_links.xlsx,2,20260410
C000082,BRK_PLAN_20260410,slot_fact,断路器,操动机构与机械传动故障,knowledge_fact,机构卡阻卡涩故障的故障原因为：主要由于操动机构运动部位缺油、积尘、锈蚀、污物阻塞、装配不当或部件变形，使滚子、掣子、连板、轴销等传动件在动作过程中阻力增大、运动受限，最终出现卡阻或卡涩 相关定义：机构卡阻卡涩故障：操动机构与机械传动故障下的二级故障小类：机构卡阻卡涩故障。,断路器|操动机构与机械传动故障|knowledge_fact,关系_links.xlsx,2,20260410
C000083,BRK_PLAN_20260410,slot_fact,断路器,操动机构与机械传动故障,precursor,机构卡阻卡涩故障的故障现象为：主要表现为机构动作不灵活、分合闸阻力增大、传动件运动不顺畅、局部卡住甚至无法完成整套动作 相关定义：机构卡阻卡涩故障：操动机构与机械传动故障下的二级故障小类：机构卡阻卡涩故障。,断路器|操动机构与机械传动故障|precursor,关系_links.xlsx,4,20260410
C000084,BRK_PLAN_20260410,slot_fact,断路器,操动机构与机械传动故障,knowledge_fact,机构卡阻卡涩故障处置机构卡阻卡涩故障-应对措施 相关定义：机构卡阻卡涩故障-应对措施：应对操动机构转动和滑动部位进行清扫、除锈、润滑和检修，检查滚子、掣子、连板、轴销及相关部件有无变形和卡阻，必要时调整或更换部件；机构卡阻卡涩故障：操动机构与机械传动故障下的二级故障小类：机构卡阻卡涩故障。,断路器|操动机构与机械传动故障|knowledge_fact,关系_links.xlsx,2,20260410
C000085,BRK_PLAN_20260410,slot_fact,断路器,操动机构与机械传动故障,fault_consequence,机构卡阻卡涩故障-故障后果 相关定义：机构卡阻卡涩故障-故障后果：主要后果是机构动作迟缓、不到位或失败，进一步引发拒动、误动和机构磨损加剧；机构卡阻卡涩故障：操动机构与机械传动故障下的二级故障小类：机构卡阻卡涩故障。,断路器|操动机构与机械传动故障|fault_consequence,关系_links.xlsx,5,20260410
C000086,BRK_PLAN_20260410,slot_fact,断路器,操动机构与机械传动故障,knowledge_fact,机构卡阻卡涩故障-应对措施存在机构卡阻卡涩故障-安全风险 相关定义：机构卡阻卡涩故障-应对措施：应对操动机构转动和滑动部位进行清扫、除锈、润滑和检修，检查滚子、掣子、连板、轴销及相关部件有无变形和卡阻，必要时调整或更换部件；机构卡阻卡涩故障-安全风险：在拆检和润滑机构时，主要存在机械夹伤、卡涩突然释放、误动作、触电和带电部位邻近作业风险。,断路器|操动机构与机械传动故障|knowledge_fact,关系_links.xlsx,2,20260410
C000087,BRK_PLAN_20260410,slot_fact,断路器,操动机构与机械传动故障,knowledge_fact,机构卡阻卡涩故障-应对措施需要机构卡阻卡涩故障-应急资源 相关定义：机构卡阻卡涩故障-应对措施：应对操动机构转动和滑动部位进行清扫、除锈、润滑和检修，检查滚子、掣子、连板、轴销及相关部件有无变形和卡阻，必要时调整或更换部件；机构卡阻卡涩故障-应急资源：主要需要清扫除锈材料、润滑油脂、拆装工器具、备用滚子掣子连板轴销、手动操作工具和机构检修人员。,断路器|操动机构与机械传动故障|knowledge_fact,关系_links.xlsx,2,20260410
C000088,BRK_PLAN_20260410,slot_fact,断路器,操动机构与机械传动故障,knowledge_fact,操动机构与机械传动故障包含操作机构死点故障 相关定义：操动机构与机械传动故障：高压断路器故障一级大类：操动机构与机械传动故障；操作机构死点故障：操动机构与机械传动故障下的二级故障小类：操作机构死点故障。,断路器|操动机构与机械传动故障|knowledge_fact,关系_links.xlsx,2,20260410
C000089,BRK_PLAN_20260410,slot_fact,断路器,操动机构与机械传动故障,knowledge_fact,操作机构死点故障的故障原因为：主要由于操作机构几何配合关系失调、传动件位置调整不当、部件松动变位或传动链卡住未能复位，导致机构运动到某一位置后无法继续越过临界点，从而形成死点 相关定义：操作机构死点故障：操动机构与机械传动故障下的二级故障小类：操作机构死点故障。,断路器|操动机构与机械传动故障|knowledge_fact,关系_links.xlsx,2,20260410
C000090,BRK_PLAN_20260410,slot_fact,断路器,操动机构与机械传动故障,precursor,操作机构死点故障的故障现象为：主要表现为操作机构运行到某一位置后停止不动，不能继续完成分闸或合闸，人工或电动操作均出现停滞 相关定义：操作机构死点故障：操动机构与机械传动故障下的二级故障小类：操作机构死点故障。,断路器|操动机构与机械传动故障|precursor,关系_links.xlsx,4,20260410
C000091,BRK_PLAN_20260410,slot_fact,断路器,操动机构与机械传动故障,knowledge_fact,操作机构死点故障处置操作机构死点故障-应对措施 相关定义：操作机构死点故障-应对措施：应检查操作机构各轴、连板和传动部位是否卡住未复位，重新校正机构几何配合关系，调整关键部件位置并进行手动试验，消除机构卡死和越点失败问题；操作机构死点故障：操动机构与机械传动故障下的二级故障小类：操作机构死点故障。,断路器|操动机构与机械传动故障|knowledge_fact,关系_links.xlsx,2,20260410
C000092,BRK_PLAN_20260410,slot_fact,断路器,操动机构与机械传动故障,fault_consequence,操作机构死点故障-故障后果 相关定义：操作机构死点故障-故障后果：主要后果是断路器动作停滞在中间位置，无法完成分闸或合闸，导致设备失去正常操作能力并增加运行风险；操作机构死点故障：操动机构与机械传动故障下的二级故障小类：操作机构死点故障。,断路器|操动机构与机械传动故障|fault_consequence,关系_links.xlsx,5,20260410
C000093,BRK_PLAN_20260410,slot_fact,断路器,操动机构与机械传动故障,knowledge_fact,操作机构死点故障-应对措施存在操作机构死点故障-安全风险 相关定义：操作机构死点故障-应对措施：应检查操作机构各轴、连板和传动部位是否卡住未复位，重新校正机构几何配合关系，调整关键部件位置并进行手动试验，消除机构卡死和越点失败问题；操作机构死点故障-安全风险：在调整机构越点和传动位置时，主要存在机构反弹、机械伤害、误动作、手动试验过程中夹伤和误送电风险。,断路器|操动机构与机械传动故障|knowledge_fact,关系_links.xlsx,2,20260410
C000094,BRK_PLAN_20260410,slot_fact,断路器,操动机构与机械传动故障,knowledge_fact,操作机构死点故障-应对措施需要操作机构死点故障-应急资源 相关定义：操作机构死点故障-应对措施：应检查操作机构各轴、连板和传动部位是否卡住未复位，重新校正机构几何配合关系，调整关键部件位置并进行手动试验，消除机构卡死和越点失败问题；操作机构死点故障-应急资源：主要需要机构调整工器具、手动试验装置、定位和测量工具、备用传动部件、技术资料和检修人员。,断路器|操动机构与机械传动故障|knowledge_fact,关系_links.xlsx,2,20260410
C000095,BRK_PLAN_20260410,slot_fact,断路器,操动机构与机械传动故障,knowledge_fact,操动机构与机械传动故障包含跳闸挂扣滑脱故障 相关定义：操动机构与机械传动故障：高压断路器故障一级大类：操动机构与机械传动故障；跳闸挂扣滑脱故障：操动机构与机械传动故障下的二级故障小类：跳闸挂扣滑脱故障。,断路器|操动机构与机械传动故障|knowledge_fact,关系_links.xlsx,2,20260410
C000096,BRK_PLAN_20260410,slot_fact,断路器,操动机构与机械传动故障,knowledge_fact,跳闸挂扣滑脱故障的故障原因为：主要由于跳闸机构挂扣不牢，在外力振动、长期运行磨损或机构配合不良的影响下发生脱扣滑脱，从而引起误跳或动作异常 相关定义：跳闸挂扣滑脱故障：操动机构与机械传动故障下的二级故障小类：跳闸挂扣滑脱故障。,断路器|操动机构与机械传动故障|knowledge_fact,关系_links.xlsx,2,20260410
C000097,BRK_PLAN_20260410,slot_fact,断路器,操动机构与机械传动故障,precursor,跳闸挂扣滑脱故障的故障现象为：主要表现为机构挂扣不牢、运行中受振动后脱扣，导致断路器误跳、机构位置异常或动作保持失效 相关定义：跳闸挂扣滑脱故障：操动机构与机械传动故障下的二级故障小类：跳闸挂扣滑脱故障。,断路器|操动机构与机械传动故障|precursor,关系_links.xlsx,4,20260410
C000098,BRK_PLAN_20260410,slot_fact,断路器,操动机构与机械传动故障,knowledge_fact,跳闸挂扣滑脱故障处置跳闸挂扣滑脱故障-应对措施 相关定义：跳闸挂扣滑脱故障-应对措施：应加强运行维护，重点检查跳闸机械部分中掣子和连板的挂扣情况，处理配合不牢和磨损问题；必要时调整最低动作电压整定值并消除振动诱因；跳闸挂扣滑脱故障：操动机构与机械传动故障下的二级故障小类：跳闸挂扣滑脱故障。,断路器|操动机构与机械传动故障|knowledge_fact,关系_links.xlsx,2,20260410
C000099,BRK_PLAN_20260410,slot_fact,断路器,操动机构与机械传动故障,fault_consequence,跳闸挂扣滑脱故障-故障后果 相关定义：跳闸挂扣滑脱故障-故障后果：主要后果是断路器误跳或动作保持失效，造成非计划停电、机构异常磨损和运行稳定性下降；跳闸挂扣滑脱故障：操动机构与机械传动故障下的二级故障小类：跳闸挂扣滑脱故障。,断路器|操动机构与机械传动故障|fault_consequence,关系_links.xlsx,5,20260410
C000100,BRK_PLAN_20260410,slot_fact,断路器,操动机构与机械传动故障,knowledge_fact,跳闸挂扣滑脱故障-应对措施存在跳闸挂扣滑脱故障-安全风险 相关定义：跳闸挂扣滑脱故障-应对措施：应加强运行维护，重点检查跳闸机械部分中掣子和连板的挂扣情况，处理配合不牢和磨损问题；必要时调整最低动作电压整定值并消除振动诱因；跳闸挂扣滑脱故障-安全风险：在检查挂扣、掣子和连板时，主要存在机构意外脱扣、误跳、机械伤害和试验过程中误操作风险。,断路器|操动机构与机械传动故障|knowledge_fact,关系_links.xlsx,2,20260410
C000101,BRK_PLAN_20260410,slot_fact,断路器,操动机构与机械传动故障,knowledge_fact,跳闸挂扣滑脱故障-应对措施需要跳闸挂扣滑脱故障-应急资源 相关定义：跳闸挂扣滑脱故障-应对措施：应加强运行维护，重点检查跳闸机械部分中掣子和连板的挂扣情况，处理配合不牢和磨损问题；必要时调整最低动作电压整定值并消除振动诱因；跳闸挂扣滑脱故障-应急资源：主要需要挂扣和掣子类备件、测量和调整工具、紧固工器具、检修图纸资料和有经验的机构维护人员。,断路器|操动机构与机械传动故障|knowledge_fact,关系_links.xlsx,2,20260410
C000102,BRK_PLAN_20260410,slot_fact,断路器,操动机构与机械传动故障,knowledge_fact,操动机构与机械传动故障包含合分闸铁心动作失灵故障 相关定义：操动机构与机械传动故障：高压断路器故障一级大类：操动机构与机械传动故障；合分闸铁心动作失灵故障：操动机构与机械传动故障下的二级故障小类：合分闸铁心动作失灵故障。,断路器|操动机构与机械传动故障|knowledge_fact,关系_links.xlsx,2,20260410
C000103,BRK_PLAN_20260410,slot_fact,断路器,操动机构与机械传动故障,knowledge_fact,合分闸铁心动作失灵故障的故障原因为：主要由于合分闸线圈内套筒安装不正或变形、铁心顶杆过短或松动、定位螺钉松动、分闸铁心铜套磨损开裂或被油垢阻塞、铁心行程不足、动铁心卡涩，以及机构在分闸后卡住未复位等原因，导致铁心不能正常吸合、复位或完成冲击行程 相关定义：合分闸铁心动作失灵故障：操动机构与机械传动故障下的二级故障小类：合分闸铁心动作失灵故障。,断路器|操动机构与机械传动故障|knowledge_fact,关系_links.xlsx,2,20260410
C000104,BRK_PLAN_20260410,slot_fact,断路器,操动机构与机械传动故障,precursor,合分闸铁心动作失灵故障的故障现象为：主要表现为铁心未动作、动作行程不足、动作后仍不能完成分合闸、复位不良、卡涩或顶杆位置异常 相关定义：合分闸铁心动作失灵故障：操动机构与机械传动故障下的二级故障小类：合分闸铁心动作失灵故障。,断路器|操动机构与机械传动故障|precursor,关系_links.xlsx,4,20260410
C000105,BRK_PLAN_20260410,slot_fact,断路器,操动机构与机械传动故障,knowledge_fact,合分闸铁心动作失灵故障处置合分闸铁心动作失灵故障-应对措施 相关定义：合分闸铁心动作失灵故障-应对措施：应检查合分闸铁心行程是否足够、顶杆和定位螺钉是否松动、套筒和铜套是否变形或磨损、动铁心是否卡涩；必要时重新安装、调整间隙、加固顶杆、清洗铁心部位，并通过手动操作试验验证动作是否恢复正常；合分闸铁心动作失灵故障：操动机构与机械传动故障下的二级故障小类：合分闸铁心动作失灵故障。,断路器|操动机构与机械传动故障|knowledge_fact,关系_links.xlsx,2,20260410
C000106,BRK_PLAN_20260410,slot_fact,断路器,操动机构与机械传动故障,fault_consequence,合分闸铁心动作失灵故障-故障后果 相关定义：合分闸铁心动作失灵故障-故障后果：主要后果是断路器无法可靠完成分闸或合闸，导致拒动、动作不到位或机构反复异常，严重时引发线圈和机构损伤；合分闸铁心动作失灵故障：操动机构与机械传动故障下的二级故障小类：合分闸铁心动作失灵故障。,断路器|操动机构与机械传动故障|fault_consequence,关系_links.xlsx,5,20260410
C000107,BRK_PLAN_20260410,slot_fact,断路器,操动机构与机械传动故障,knowledge_fact,合分闸铁心动作失灵故障-应对措施存在合分闸铁心动作失灵故障-安全风险 相关定义：合分闸铁心动作失灵故障-应对措施：应检查合分闸铁心行程是否足够、顶杆和定位螺钉是否松动、套筒和铜套是否变形或磨损、动铁心是否卡涩；必要时重新安装、调整间隙、加固顶杆、清洗铁心部位，并通过手动操作试验验证动作是否恢复正常；合分闸铁心动作失灵故障-安全风险：在拆检线圈、铁心、顶杆和定位结构时，主要存在机构突然动作、夹伤、触电、误操作和线圈通电试验风险。,断路器|操动机构与机械传动故障|knowledge_fact,关系_links.xlsx,2,20260410
C000108,BRK_PLAN_20260410,slot_fact,断路器,操动机构与机械传动故障,knowledge_fact,合分闸铁心动作失灵故障-应对措施需要合分闸铁心动作失灵故障-应急资源 相关定义：合分闸铁心动作失灵故障-应对措施：应检查合分闸铁心行程是否足够、顶杆和定位螺钉是否松动、套筒和铜套是否变形或磨损、动铁心是否卡涩；必要时重新安装、调整间隙、加固顶杆、清洗铁心部位，并通过手动操作试验验证动作是否恢复正常；合分闸铁心动作失灵故障-应急资源：主要需要线圈和铁心检测工具、清洗材料、备用顶杆和紧固件、间隙调整工具、低电压试验条件和检修人员。,断路器|操动机构与机械传动故障|knowledge_fact,关系_links.xlsx,2,20260410
C000109,BRK_PLAN_20260410,slot_fact,断路器,操动机构与机械传动故障,knowledge_fact,操动机构与机械传动故障包含储能机构不能储能故障 相关定义：操动机构与机械传动故障：高压断路器故障一级大类：操动机构与机械传动故障；储能机构不能储能故障：操动机构与机械传动故障下的二级故障小类：储能机构不能储能故障。,断路器|操动机构与机械传动故障|knowledge_fact,关系_links.xlsx,2,20260410
C000110,BRK_PLAN_20260410,slot_fact,断路器,操动机构与机械传动故障,knowledge_fact,储能机构不能储能故障的故障原因为：主要由于储能电动机不转动、微动开关异常、压紧弹簧疲劳折断或脱落、减速箱内蜗轮蜗杆损坏、棘爪未进入凸轮缺口、棘爪与缺口接触不良而打滑等问题，使储能机构无法完成正常储能 相关定义：储能机构不能储能故障：操动机构与机械传动故障下的二级故障小类：储能机构不能储能故障。,断路器|操动机构与机械传动故障|knowledge_fact,关系_links.xlsx,2,20260410
C000111,BRK_PLAN_20260410,slot_fact,断路器,操动机构与机械传动故障,precursor,储能机构不能储能故障的故障现象为：主要表现为储能电动机不转、弹簧储不上能、储能机构无法进入正常待命状态，断路器不能完成后续操作准备 相关定义：储能机构不能储能故障：操动机构与机械传动故障下的二级故障小类：储能机构不能储能故障。,断路器|操动机构与机械传动故障|precursor,关系_links.xlsx,4,20260410
C000112,BRK_PLAN_20260410,slot_fact,断路器,操动机构与机械传动故障,knowledge_fact,储能机构不能储能故障处置储能机构不能储能故障-应对措施 相关定义：储能机构不能储能故障-应对措施：应检查储能电气回路中的微动开关、储能电动机绕组和电源状态，核查压紧弹簧、棘爪、凸轮缺口和减速箱内蜗轮蜗杆部件是否损坏、疲劳或打滑，并及时更换故障部件；储能机构不能储能故障：操动机构与机械传动故障下的二级故障小类：储能机构不能储能故障。,断路器|操动机构与机械传动故障|knowledge_fact,关系_links.xlsx,2,20260410
C000113,BRK_PLAN_20260410,slot_fact,断路器,操动机构与机械传动故障,fault_consequence,储能机构不能储能故障-故障后果 相关定义：储能机构不能储能故障-故障后果：主要后果是断路器失去后续分合闸准备能力，无法按要求执行操作，降低设备可用性和运行可靠性；储能机构不能储能故障：操动机构与机械传动故障下的二级故障小类：储能机构不能储能故障。,断路器|操动机构与机械传动故障|fault_consequence,关系_links.xlsx,5,20260410
C000114,BRK_PLAN_20260410,slot_fact,断路器,操动机构与机械传动故障,knowledge_fact,储能机构不能储能故障-应对措施存在储能机构不能储能故障-安全风险 相关定义：储能机构不能储能故障-应对措施：应检查储能电气回路中的微动开关、储能电动机绕组和电源状态，核查压紧弹簧、棘爪、凸轮缺口和减速箱内蜗轮蜗杆部件是否损坏、疲劳或打滑，并及时更换故障部件；储能机构不能储能故障-安全风险：在检查储能电动机、棘爪和弹簧储能机构时，主要存在弹簧释放伤人、机械夹伤、误动作和电气试验触电风险。,断路器|操动机构与机械传动故障|knowledge_fact,关系_links.xlsx,2,20260410
C000115,BRK_PLAN_20260410,slot_fact,断路器,操动机构与机械传动故障,knowledge_fact,储能机构不能储能故障-应对措施需要储能机构不能储能故障-应急资源 相关定义：储能机构不能储能故障-应对措施：应检查储能电气回路中的微动开关、储能电动机绕组和电源状态，核查压紧弹簧、棘爪、凸轮缺口和减速箱内蜗轮蜗杆部件是否损坏、疲劳或打滑，并及时更换故障部件；储能机构不能储能故障-应急资源：主要需要微动开关检测工具、电机测试工具、备用弹簧、棘爪、减速箱部件、手动摇把和机构检修人员。,断路器|操动机构与机械传动故障|knowledge_fact,关系_links.xlsx,2,20260410
C000116,BRK_PLAN_20260410,slot_fact,断路器,操动机构与机械传动故障,knowledge_fact,操动机构与机械传动故障包含分合闸后均储能故障 相关定义：操动机构与机械传动故障：高压断路器故障一级大类：操动机构与机械传动故障；分合闸后均储能故障：操动机构与机械传动故障下的二级故障小类：分合闸后均储能故障。,断路器|操动机构与机械传动故障|knowledge_fact,关系_links.xlsx,2,20260410
C000117,BRK_PLAN_20260410,slot_fact,断路器,操动机构与机械传动故障,knowledge_fact,分合闸后均储能故障的故障原因为：主要由于合闸掣子与合闸滚子磨损量超标、掣子变形或配合状态异常，导致机构在分闸、合闸后均出现异常储能状态，反映出机构内部的保持和释放逻辑失常 相关定义：分合闸后均储能故障：操动机构与机械传动故障下的二级故障小类：分合闸后均储能故障。,断路器|操动机构与机械传动故障|knowledge_fact,关系_links.xlsx,2,20260410
C000118,BRK_PLAN_20260410,slot_fact,断路器,操动机构与机械传动故障,precursor,分合闸后均储能故障的故障现象为：主要表现为断路器分闸、合闸后均出现异常储能状态，机构保持和释放逻辑紊乱，表现出与正常储能时序不一致的异常动作 相关定义：分合闸后均储能故障：操动机构与机械传动故障下的二级故障小类：分合闸后均储能故障。,断路器|操动机构与机械传动故障|precursor,关系_links.xlsx,4,20260410
C000119,BRK_PLAN_20260410,slot_fact,断路器,操动机构与机械传动故障,knowledge_fact,分合闸后均储能故障处置分合闸后均储能故障-应对措施 相关定义：分合闸后均储能故障-应对措施：应检查合闸掣子与合闸滚子的磨损情况及是否存在变形，对缺陷部件及时更换，并结合低电压试验确认机构保持和释放逻辑恢复正常后再投入运行；分合闸后均储能故障：操动机构与机械传动故障下的二级故障小类：分合闸后均储能故障。,断路器|操动机构与机械传动故障|knowledge_fact,关系_links.xlsx,2,20260410
C000120,BRK_PLAN_20260410,slot_fact,断路器,操动机构与机械传动故障,fault_consequence,分合闸后均储能故障-故障后果 相关定义：分合闸后均储能故障-故障后果：主要后果是机构动作顺序紊乱、保持释放逻辑异常，进一步可能导致误动作、拒动作和机构磨损加剧；分合闸后均储能故障：操动机构与机械传动故障下的二级故障小类：分合闸后均储能故障。,断路器|操动机构与机械传动故障|fault_consequence,关系_links.xlsx,5,20260410
C000121,BRK_PLAN_20260410,slot_fact,断路器,操动机构与机械传动故障,knowledge_fact,分合闸后均储能故障-应对措施存在分合闸后均储能故障-安全风险 相关定义：分合闸后均储能故障-应对措施：应检查合闸掣子与合闸滚子的磨损情况及是否存在变形，对缺陷部件及时更换，并结合低电压试验确认机构保持和释放逻辑恢复正常后再投入运行；分合闸后均储能故障-安全风险：在机构复位和逻辑校验过程中，主要存在意外储能释放、误动作、机械伤害和试验状态下误送电风险。,断路器|操动机构与机械传动故障|knowledge_fact,关系_links.xlsx,2,20260410
C000122,BRK_PLAN_20260410,slot_fact,断路器,操动机构与机械传动故障,knowledge_fact,分合闸后均储能故障-应对措施需要分合闸后均储能故障-应急资源 相关定义：分合闸后均储能故障-应对措施：应检查合闸掣子与合闸滚子的磨损情况及是否存在变形，对缺陷部件及时更换，并结合低电压试验确认机构保持和释放逻辑恢复正常后再投入运行；分合闸后均储能故障-应急资源：主要需要掣子和滚子类备件、低电压试验装置、机构逻辑校验资料、拆装工器具和检修人员。,断路器|操动机构与机械传动故障|knowledge_fact,关系_links.xlsx,2,20260410
C000123,BRK_PLAN_20260410,slot_fact,断路器,操动机构与机械传动故障,knowledge_fact,操动机构与机械传动故障包含操动机构传动件变形断裂故障 相关定义：操动机构传动件变形断裂故障：操动机构与机械传动故障下的二级故障小类：操动机构传动件变形断裂故障；操动机构与机械传动故障：高压断路器故障一级大类：操动机构与机械传动故障。,断路器|操动机构与机械传动故障|knowledge_fact,关系_links.xlsx,2,20260410
C000124,BRK_PLAN_20260410,slot_fact,断路器,操动机构与机械传动故障,knowledge_fact,操动机构传动件变形断裂故障的故障原因为：主要由于拉杆、拐臂、连板、轴销、滚子、掣子等传动件材质不好、强度不够、受力不均、长期磨损或检修调整不当，在运行和操作冲击作用下发生弯曲、变形、偏卡、折断或裂纹损伤 相关定义：操动机构传动件变形断裂故障：操动机构与机械传动故障下的二级故障小类：操动机构传动件变形断裂故障。,断路器|操动机构与机械传动故障|knowledge_fact,关系_links.xlsx,2,20260410
C000125,BRK_PLAN_20260410,slot_fact,断路器,操动机构与机械传动故障,precursor,操动机构传动件变形断裂故障的故障现象为：主要表现为拉杆、拐臂、连板、轴销、滚子、掣子等传动件出现弯曲、偏卡、磨损、裂纹、变形或折断，导致机构传动失常 相关定义：操动机构传动件变形断裂故障：操动机构与机械传动故障下的二级故障小类：操动机构传动件变形断裂故障。,断路器|操动机构与机械传动故障|precursor,关系_links.xlsx,4,20260410
C000126,BRK_PLAN_20260410,slot_fact,断路器,操动机构与机械传动故障,knowledge_fact,操动机构传动件变形断裂故障处置操动机构传动件变形断裂故障-应对措施 相关定义：操动机构传动件变形断裂故障-应对措施：应在检修中重点检查拐臂、连板、轴销、滚子、掣子和拉杆等传动件，发现弯曲、变形、裂纹或折断时及时更换，并查清受力和装配原因，采取预防措施避免再次损坏；操动机构传动件变形断裂故障：操动机构与机械传动故障下的二级故障小类：操动机构传动件变形断裂故障。,断路器|操动机构与机械传动故障|knowledge_fact,关系_links.xlsx,2,20260410
C000127,BRK_PLAN_20260410,slot_fact,断路器,操动机构与机械传动故障,fault_consequence,操动机构传动件变形断裂故障-故障后果 相关定义：操动机构传动件变形断裂故障-故障后果：主要后果是传动链失效，断路器无法正常分合闸，并可能造成机构损坏扩大和设备被迫停运；操动机构传动件变形断裂故障：操动机构与机械传动故障下的二级故障小类：操动机构传动件变形断裂故障。,断路器|操动机构与机械传动故障|fault_consequence,关系_links.xlsx,5,20260410
C000128,BRK_PLAN_20260410,slot_fact,断路器,操动机构与机械传动故障,knowledge_fact,操动机构传动件变形断裂故障-应对措施存在操动机构传动件变形断裂故障-安全风险 相关定义：操动机构传动件变形断裂故障-应对措施：应在检修中重点检查拐臂、连板、轴销、滚子、掣子和拉杆等传动件，发现弯曲、变形、裂纹或折断时及时更换，并查清受力和装配原因，采取预防措施避免再次损坏；操动机构传动件变形断裂故障-安全风险：在更换拉杆、拐臂、连板和轴销等传动件时，主要存在部件断裂飞出、坠落、机械伤害和恢复不到位引起的再次故障风险。,断路器|操动机构与机械传动故障|knowledge_fact,关系_links.xlsx,2,20260410
C000129,BRK_PLAN_20260410,slot_fact,断路器,操动机构与机械传动故障,knowledge_fact,操动机构传动件变形断裂故障-应对措施需要操动机构传动件变形断裂故障-应急资源 相关定义：操动机构传动件变形断裂故障-应对措施：应在检修中重点检查拐臂、连板、轴销、滚子、掣子和拉杆等传动件，发现弯曲、变形、裂纹或折断时及时更换，并查清受力和装配原因，采取预防措施避免再次损坏；操动机构传动件变形断裂故障-应急资源：主要需要备用拉杆、拐臂、连板、轴销等传动件，配套拆装和紧固工器具、起吊辅助工具和检修人员。,断路器|操动机构与机械传动故障|knowledge_fact,关系_links.xlsx,2,20260410
C000130,BRK_PLAN_20260410,slot_fact,断路器,操作能源与控制回路故障,knowledge_fact,操作能源与控制回路故障包含直流操作电源异常故障 相关定义：操作能源与控制回路故障：高压断路器故障一级大类：操作能源与控制回路故障；直流操作电源异常故障：操作能源与控制回路故障下的二级故障小类：直流操作电源异常故障。,断路器|操作能源与控制回路故障|knowledge_fact,关系_links.xlsx,2,20260410
C000131,BRK_PLAN_20260410,slot_fact,断路器,操作能源与控制回路故障,knowledge_fact,直流操作电源异常故障的故障原因为：主要由于直流母线电压过低或过高、硅整流器电源熔体或所用变熔体熔断、所用交流电压偏低、蓄电池组故障等原因，使断路器控制和操作用直流电源偏离正常工作范围 相关定义：直流操作电源异常故障：操作能源与控制回路故障下的二级故障小类：直流操作电源异常故障。,断路器|操作能源与控制回路故障|knowledge_fact,关系_links.xlsx,2,20260410
C000132,BRK_PLAN_20260410,slot_fact,断路器,操作能源与控制回路故障,precursor,直流操作电源异常故障的故障现象为：主要表现为直流母线电压偏高或偏低、控制回路供电异常、继电器和指示灯过热、分合闸动作不可靠，严重时线圈过热甚至烧毁 相关定义：直流操作电源异常故障：操作能源与控制回路故障下的二级故障小类：直流操作电源异常故障。,断路器|操作能源与控制回路故障|precursor,关系_links.xlsx,4,20260410
C000133,BRK_PLAN_20260410,slot_fact,断路器,操作能源与控制回路故障,knowledge_fact,直流操作电源异常故障处置直流操作电源异常故障-应对措施 相关定义：直流操作电源异常故障-应对措施：应检查控制回路电压是否在正常工作范围内，必要时调节手动端电池调节器，检查硅整流器电源熔体、所用变熔体及交流电压，并核查蓄电池组运行状态，及时恢复稳定电源条件；直流操作电源异常故障：操作能源与控制回路故障下的二级故障小类：直流操作电源异常故障。,断路器|操作能源与控制回路故障|knowledge_fact,关系_links.xlsx,2,20260410
C000134,BRK_PLAN_20260410,slot_fact,断路器,操作能源与控制回路故障,fault_consequence,直流操作电源异常故障-故障后果 相关定义：直流操作电源异常故障-故障后果：主要后果是控制和保护动作不可靠，继电器、指示灯和线圈可能过热或烧毁，并进一步引起误动、拒动和设备停运；直流操作电源异常故障：操作能源与控制回路故障下的二级故障小类：直流操作电源异常故障。,断路器|操作能源与控制回路故障|fault_consequence,关系_links.xlsx,5,20260410
C000135,BRK_PLAN_20260410,slot_fact,断路器,操作能源与控制回路故障,knowledge_fact,直流操作电源异常故障-应对措施存在直流操作电源异常故障-安全风险 相关定义：直流操作电源异常故障-应对措施：应检查控制回路电压是否在正常工作范围内，必要时调节手动端电池调节器，检查硅整流器电源熔体、所用变熔体及交流电压，并核查蓄电池组运行状态，及时恢复稳定电源条件；直流操作电源异常故障-安全风险：在检查直流母线、电池、整流和熔断器时，主要存在触电、短路、电弧灼伤、误操作和电源恢复不当造成的设备损坏风险。,断路器|操作能源与控制回路故障|knowledge_fact,关系_links.xlsx,2,20260410
C000136,BRK_PLAN_20260410,slot_fact,断路器,操作能源与控制回路故障,knowledge_fact,直流操作电源异常故障-应对措施需要直流操作电源异常故障-应急资源 相关定义：直流操作电源异常故障-应对措施：应检查控制回路电压是否在正常工作范围内，必要时调节手动端电池调节器，检查硅整流器电源熔体、所用变熔体及交流电压，并核查蓄电池组运行状态，及时恢复稳定电源条件；直流操作电源异常故障-应急资源：主要需要直流电压测量工具、蓄电池维护设备、备用熔体、整流器检修备件、绝缘防护用品和电气检修人员。,断路器|操作能源与控制回路故障|knowledge_fact,关系_links.xlsx,2,20260410
C000137,BRK_PLAN_20260410,slot_fact,断路器,操作能源与控制回路故障,knowledge_fact,操作能源与控制回路故障包含液压机构失压故障 相关定义：操作能源与控制回路故障：高压断路器故障一级大类：操作能源与控制回路故障；液压机构失压故障：操作能源与控制回路故障下的二级故障小类：液压机构失压故障。,断路器|操作能源与控制回路故障|knowledge_fact,关系_links.xlsx,2,20260410
C000138,BRK_PLAN_20260410,slot_fact,断路器,操作能源与控制回路故障,knowledge_fact,液压机构失压故障的故障原因为：主要由于液压系统漏油、失压、油泵故障不能打油或液压机构打压频繁、突然失压等问题，导致机构被闭锁，无法正常进行分闸和合闸操作 相关定义：液压机构失压故障：操作能源与控制回路故障下的二级故障小类：液压机构失压故障。,断路器|操作能源与控制回路故障|knowledge_fact,关系_links.xlsx,2,20260410
C000139,BRK_PLAN_20260410,slot_fact,断路器,操作能源与控制回路故障,precursor,液压机构失压故障的故障现象为：主要表现为液压压力下降、油泵不能打油、机构被闭锁、断路器无法进行分闸或合闸操作 相关定义：液压机构失压故障：操作能源与控制回路故障下的二级故障小类：液压机构失压故障。,断路器|操作能源与控制回路故障|precursor,关系_links.xlsx,4,20260410
C000140,BRK_PLAN_20260410,slot_fact,断路器,操作能源与控制回路故障,knowledge_fact,液压机构失压故障处置液压机构失压故障-应对措施 相关定义：液压机构失压故障-应对措施：应及时查找漏油、失压或油泵故障原因，必要时立即停电处理；大修时还应检查液压机构分合闸阀顶针是否松动或变形，并对液压机构箱采取隔热、防寒措施；液压机构失压故障：操作能源与控制回路故障下的二级故障小类：液压机构失压故障。,断路器|操作能源与控制回路故障|knowledge_fact,关系_links.xlsx,2,20260410
C000141,BRK_PLAN_20260410,slot_fact,断路器,操作能源与控制回路故障,fault_consequence,液压机构失压故障-故障后果 相关定义：液压机构失压故障-故障后果：主要后果是机构被闭锁，断路器无法分闸或合闸，故障切除和恢复送电能力均受到严重影响；液压机构失压故障：操作能源与控制回路故障下的二级故障小类：液压机构失压故障。,断路器|操作能源与控制回路故障|fault_consequence,关系_links.xlsx,5,20260410
C000142,BRK_PLAN_20260410,slot_fact,断路器,操作能源与控制回路故障,knowledge_fact,液压机构失压故障-应对措施存在液压机构失压故障-安全风险 相关定义：液压机构失压故障-应对措施：应及时查找漏油、失压或油泵故障原因，必要时立即停电处理；大修时还应检查液压机构分合闸阀顶针是否松动或变形，并对液压机构箱采取隔热、防寒措施；液压机构失压故障-安全风险：在处理液压失压和油泵异常时，主要存在高压油喷出、机械伤害、触电和误动作风险，严重时还伴随停电处置压力。,断路器|操作能源与控制回路故障|knowledge_fact,关系_links.xlsx,2,20260410
C000143,BRK_PLAN_20260410,slot_fact,断路器,操作能源与控制回路故障,knowledge_fact,液压机构失压故障-应对措施需要液压机构失压故障-应急资源 相关定义：液压机构失压故障-应对措施：应及时查找漏油、失压或油泵故障原因，必要时立即停电处理；大修时还应检查液压机构分合闸阀顶针是否松动或变形，并对液压机构箱采取隔热、防寒措施；液压机构失压故障-应急资源：主要需要压力表、油泵或液压处理设备、密封件和油液、绝缘防护用品、停电检修条件和液压维护人员。,断路器|操作能源与控制回路故障|knowledge_fact,关系_links.xlsx,2,20260410
C000144,BRK_PLAN_20260410,slot_fact,断路器,操作能源与控制回路故障,knowledge_fact,操作能源与控制回路故障包含操作油风管路异常故障 相关定义：操作能源与控制回路故障：高压断路器故障一级大类：操作能源与控制回路故障；操作油风管路异常故障：操作能源与控制回路故障下的二级故障小类：操作油风管路异常故障。,断路器|操作能源与控制回路故障|knowledge_fact,关系_links.xlsx,2,20260410
C000145,BRK_PLAN_20260410,slot_fact,断路器,操作能源与控制回路故障,knowledge_fact,操作油风管路异常故障的故障原因为：主要由于操作油路或风管系统发生渗油、漏油、堵塞、供压不稳或控制阀在低温下结冰等问题，造成操动能源传递异常，从而影响断路器执行分合闸动作 相关定义：操作油风管路异常故障：操作能源与控制回路故障下的二级故障小类：操作油风管路异常故障。,断路器|操作能源与控制回路故障|knowledge_fact,关系_links.xlsx,2,20260410
C000146,BRK_PLAN_20260410,slot_fact,断路器,操作能源与控制回路故障,precursor,操作油风管路异常故障的故障现象为：主要表现为操作油路或风管出现渗漏、堵塞、供压异常、控制阀动作失常或低温下结冰，导致操动能源不能稳定传递 相关定义：操作油风管路异常故障：操作能源与控制回路故障下的二级故障小类：操作油风管路异常故障。,断路器|操作能源与控制回路故障|precursor,关系_links.xlsx,4,20260410
C000147,BRK_PLAN_20260410,slot_fact,断路器,操作能源与控制回路故障,knowledge_fact,操作油风管路异常故障处置操作油风管路异常故障-应对措施 相关定义：操作油风管路异常故障-应对措施：应检查油路、风路系统的渗漏、堵塞和供压情况，疏通故障部位，修复漏点，并在低温工况下采取保温、防冻和润滑措施，防止控制阀结冰或油风能源传递异常；操作油风管路异常故障：操作能源与控制回路故障下的二级故障小类：操作油风管路异常故障。,断路器|操作能源与控制回路故障|knowledge_fact,关系_links.xlsx,2,20260410
C000148,BRK_PLAN_20260410,slot_fact,断路器,操作能源与控制回路故障,fault_consequence,操作油风管路异常故障-故障后果 相关定义：操作油风管路异常故障-故障后果：主要后果是操动能源传递中断或不稳定，导致断路器动作异常、拒动或运行可靠性下降；操作油风管路异常故障：操作能源与控制回路故障下的二级故障小类：操作油风管路异常故障。,断路器|操作能源与控制回路故障|fault_consequence,关系_links.xlsx,5,20260410
C000149,BRK_PLAN_20260410,slot_fact,断路器,操作能源与控制回路故障,knowledge_fact,操作油风管路异常故障-应对措施存在操作油风管路异常故障-安全风险 相关定义：操作油风管路异常故障-应对措施：应检查油路、风路系统的渗漏、堵塞和供压情况，疏通故障部位，修复漏点，并在低温工况下采取保温、防冻和润滑措施，防止控制阀结冰或油风能源传递异常；操作油风管路异常故障-安全风险：在处理油路、风路渗漏和堵塞时，主要存在介质喷出、压力释放、机械伤害、误动作和运行切换风险。,断路器|操作能源与控制回路故障|knowledge_fact,关系_links.xlsx,2,20260410
C000150,BRK_PLAN_20260410,slot_fact,断路器,操作能源与控制回路故障,knowledge_fact,操作油风管路异常故障-应对措施需要操作油风管路异常故障-应急资源 相关定义：操作油风管路异常故障-应对措施：应检查油路、风路系统的渗漏、堵塞和供压情况，疏通故障部位，修复漏点，并在低温工况下采取保温、防冻和润滑措施，防止控制阀结冰或油风能源传递异常；操作油风管路异常故障-应急资源：主要需要油路风路检修工具、备用阀件和管件、密封材料、供压设备、保温防冻材料和检修人员。,断路器|操作能源与控制回路故障|knowledge_fact,关系_links.xlsx,2,20260410
C000151,BRK_PLAN_20260410,slot_fact,断路器,操作能源与控制回路故障,knowledge_fact,操作能源与控制回路故障包含控制回路短路故障 相关定义：操作能源与控制回路故障：高压断路器故障一级大类：操作能源与控制回路故障；控制回路短路故障：操作能源与控制回路故障下的二级故障小类：控制回路短路故障。,断路器|操作能源与控制回路故障|knowledge_fact,关系_links.xlsx,2,20260410
C000152,BRK_PLAN_20260410,slot_fact,断路器,操作能源与控制回路故障,knowledge_fact,控制回路短路故障的故障原因为：主要由于直流控制回路局部短路、红灯灯丝在底座上短路、绿灯短路或其他回路绝缘缺陷，导致控制信号异常并诱发误跳、误合或控制功能失常 相关定义：控制回路短路故障：操作能源与控制回路故障下的二级故障小类：控制回路短路故障。,断路器|操作能源与控制回路故障|knowledge_fact,关系_links.xlsx,2,20260410
C000153,BRK_PLAN_20260410,slot_fact,断路器,操作能源与控制回路故障,precursor,控制回路短路故障的故障现象为：主要表现为控制信号异常、红灯或绿灯异常短路、误跳或误合、回路工作状态紊乱，局部元件发热或失效 相关定义：控制回路短路故障：操作能源与控制回路故障下的二级故障小类：控制回路短路故障。,断路器|操作能源与控制回路故障|precursor,关系_links.xlsx,4,20260410
C000154,BRK_PLAN_20260410,slot_fact,断路器,操作能源与控制回路故障,knowledge_fact,控制回路短路故障处置控制回路短路故障-应对措施 相关定义：控制回路短路故障-应对措施：应检查红灯、绿灯和相关监视回路短路点，排查直流控制回路绝缘缺陷，消除短路隐患，并恢复正常的状态监视和控制逻辑；控制回路短路故障：操作能源与控制回路故障下的二级故障小类：控制回路短路故障。,断路器|操作能源与控制回路故障|knowledge_fact,关系_links.xlsx,2,20260410
C000155,BRK_PLAN_20260410,slot_fact,断路器,操作能源与控制回路故障,fault_consequence,控制回路短路故障-故障后果 相关定义：控制回路短路故障-故障后果：主要后果是控制信号紊乱，可能引起误跳、误合、元件损坏和控制功能失效；控制回路短路故障：操作能源与控制回路故障下的二级故障小类：控制回路短路故障。,断路器|操作能源与控制回路故障|fault_consequence,关系_links.xlsx,5,20260410
C000156,BRK_PLAN_20260410,slot_fact,断路器,操作能源与控制回路故障,knowledge_fact,控制回路短路故障-应对措施存在控制回路短路故障-安全风险 相关定义：控制回路短路故障-应对措施：应检查红灯、绿灯和相关监视回路短路点，排查直流控制回路绝缘缺陷，消除短路隐患，并恢复正常的状态监视和控制逻辑；控制回路短路故障-安全风险：在排查短路点和恢复回路时，主要存在触电、电弧灼伤、二次回路误动作、元件烧损和误送电风险。,断路器|操作能源与控制回路故障|knowledge_fact,关系_links.xlsx,2,20260410
C000157,BRK_PLAN_20260410,slot_fact,断路器,操作能源与控制回路故障,knowledge_fact,控制回路短路故障-应对措施需要控制回路短路故障-应急资源 相关定义：控制回路短路故障-应对措施：应检查红灯、绿灯和相关监视回路短路点，排查直流控制回路绝缘缺陷，消除短路隐患，并恢复正常的状态监视和控制逻辑；控制回路短路故障-应急资源：主要需要回路图纸、绝缘测试工具、万用表、备用灯泡和导线、熔体、二次回路检修人员和停电作业条件。,断路器|操作能源与控制回路故障|knowledge_fact,关系_links.xlsx,2,20260410
C000158,BRK_PLAN_20260410,slot_fact,断路器,操作能源与控制回路故障,knowledge_fact,操作能源与控制回路故障包含控制回路接地故障 相关定义：操作能源与控制回路故障：高压断路器故障一级大类：操作能源与控制回路故障；控制回路接地故障：操作能源与控制回路故障下的二级故障小类：控制回路接地故障。,断路器|操作能源与控制回路故障|knowledge_fact,关系_links.xlsx,2,20260410
C000159,BRK_PLAN_20260410,slot_fact,断路器,操作能源与控制回路故障,knowledge_fact,控制回路接地故障的故障原因为：主要由于直流回路两点接地、控制回路两点接地或出口回路相关接地缺陷，使控制逻辑被破坏并引起误动、拒动或信号异常 相关定义：控制回路接地故障：操作能源与控制回路故障下的二级故障小类：控制回路接地故障。,断路器|操作能源与控制回路故障|knowledge_fact,关系_links.xlsx,2,20260410
C000160,BRK_PLAN_20260410,slot_fact,断路器,操作能源与控制回路故障,precursor,控制回路接地故障的故障现象为：主要表现为控制回路绝缘异常、信号回路紊乱、误动或拒动风险升高，检查中可发现两点接地等异常状态 相关定义：控制回路接地故障：操作能源与控制回路故障下的二级故障小类：控制回路接地故障。,断路器|操作能源与控制回路故障|precursor,关系_links.xlsx,4,20260410
C000161,BRK_PLAN_20260410,slot_fact,断路器,操作能源与控制回路故障,knowledge_fact,控制回路接地故障处置控制回路接地故障-应对措施 相关定义：控制回路接地故障-应对措施：应逐段排查直流回路和控制回路两点接地位置，修复绝缘缺陷和异常接地部位，恢复回路绝缘完整性后再进行功能检查；控制回路接地故障：操作能源与控制回路故障下的二级故障小类：控制回路接地故障。,断路器|操作能源与控制回路故障|knowledge_fact,关系_links.xlsx,2,20260410
C000162,BRK_PLAN_20260410,slot_fact,断路器,操作能源与控制回路故障,fault_consequence,控制回路接地故障-故障后果 相关定义：控制回路接地故障-故障后果：主要后果是回路绝缘被破坏、逻辑异常，误动和拒动风险上升，严重时影响断路器安全运行；控制回路接地故障：操作能源与控制回路故障下的二级故障小类：控制回路接地故障。,断路器|操作能源与控制回路故障|fault_consequence,关系_links.xlsx,5,20260410
C000163,BRK_PLAN_20260410,slot_fact,断路器,操作能源与控制回路故障,knowledge_fact,控制回路接地故障-应对措施存在控制回路接地故障-安全风险 相关定义：控制回路接地故障-应对措施：应逐段排查直流回路和控制回路两点接地位置，修复绝缘缺陷和异常接地部位，恢复回路绝缘完整性后再进行功能检查；控制回路接地故障-安全风险：在排查接地点和绝缘缺陷时，主要存在触电、误动作、逻辑异常扩大和恢复操作不当风险。,断路器|操作能源与控制回路故障|knowledge_fact,关系_links.xlsx,2,20260410
C000164,BRK_PLAN_20260410,slot_fact,断路器,操作能源与控制回路故障,knowledge_fact,控制回路接地故障-应对措施需要控制回路接地故障-应急资源 相关定义：控制回路接地故障-应对措施：应逐段排查直流回路和控制回路两点接地位置，修复绝缘缺陷和异常接地部位，恢复回路绝缘完整性后再进行功能检查；控制回路接地故障-应急资源：主要需要绝缘表、接地故障排查工具、回路图纸、绝缘恢复材料、检修票证和二次回路检修人员。,断路器|操作能源与控制回路故障|knowledge_fact,关系_links.xlsx,2,20260410
C000165,BRK_PLAN_20260410,slot_fact,断路器,操作能源与控制回路故障,knowledge_fact,操作能源与控制回路故障包含合分闸控制回路故障 相关定义：操作能源与控制回路故障：高压断路器故障一级大类：操作能源与控制回路故障；合分闸控制回路故障：操作能源与控制回路故障下的二级故障小类：合分闸控制回路故障。,断路器|操作能源与控制回路故障|knowledge_fact,关系_links.xlsx,2,20260410
C000166,BRK_PLAN_20260410,slot_fact,断路器,操作能源与控制回路故障,knowledge_fact,合分闸控制回路故障的故障原因为：主要由于合分闸接触器失压或欠电压、接触器线圈断线、接触器铁心被卡住、弹簧反作用力过大、熔体熔断、连接线断线、接点接触不良或辅助接点未能闭合，使合分闸控制回路不通或工作不稳定 相关定义：合分闸控制回路故障：操作能源与控制回路故障下的二级故障小类：合分闸控制回路故障。,断路器|操作能源与控制回路故障|knowledge_fact,关系_links.xlsx,2,20260410
C000167,BRK_PLAN_20260410,slot_fact,断路器,操作能源与控制回路故障,precursor,合分闸控制回路故障的故障现象为：主要表现为控制回路不通、合分闸接触器不能可靠吸合、触点无法闭合、操作命令发出后执行链中断，导致断路器不能正常动作 相关定义：合分闸控制回路故障：操作能源与控制回路故障下的二级故障小类：合分闸控制回路故障。,断路器|操作能源与控制回路故障|precursor,关系_links.xlsx,4,20260410
C000168,BRK_PLAN_20260410,slot_fact,断路器,操作能源与控制回路故障,knowledge_fact,合分闸控制回路故障处置合分闸控制回路故障-应对措施 相关定义：合分闸控制回路故障-应对措施：应通过电压法、电位法、电阻法等手段检查控制回路是否导通，处理接触器失压、线圈断线、接点接触不良和连接线断线问题，并核查辅助接点是否可靠闭合；合分闸控制回路故障：操作能源与控制回路故障下的二级故障小类：合分闸控制回路故障。,断路器|操作能源与控制回路故障|knowledge_fact,关系_links.xlsx,2,20260410
C000169,BRK_PLAN_20260410,slot_fact,断路器,操作能源与控制回路故障,fault_consequence,合分闸控制回路故障-故障后果 相关定义：合分闸控制回路故障-故障后果：主要后果是控制命令无法可靠传递到执行部件，断路器不能正常分闸或合闸，影响事故处理和送电恢复；合分闸控制回路故障：操作能源与控制回路故障下的二级故障小类：合分闸控制回路故障。,断路器|操作能源与控制回路故障|fault_consequence,关系_links.xlsx,5,20260410
C000170,BRK_PLAN_20260410,slot_fact,断路器,操作能源与控制回路故障,knowledge_fact,合分闸控制回路故障-应对措施存在合分闸控制回路故障-安全风险 相关定义：合分闸控制回路故障-应对措施：应通过电压法、电位法、电阻法等手段检查控制回路是否导通，处理接触器失压、线圈断线、接点接触不良和连接线断线问题，并核查辅助接点是否可靠闭合；合分闸控制回路故障-安全风险：在带控制回路检查和试验过程中，主要存在误合、误分、触电、电弧灼伤和控制链恢复错误风险。,断路器|操作能源与控制回路故障|knowledge_fact,关系_links.xlsx,2,20260410
C000171,BRK_PLAN_20260410,slot_fact,断路器,操作能源与控制回路故障,knowledge_fact,合分闸控制回路故障-应对措施需要合分闸控制回路故障-应急资源 相关定义：合分闸控制回路故障-应对措施：应通过电压法、电位法、电阻法等手段检查控制回路是否导通，处理接触器失压、线圈断线、接点接触不良和连接线断线问题，并核查辅助接点是否可靠闭合；合分闸控制回路故障-应急资源：主要需要电压法、电位法、电阻法测试工具、备用接触器和接点备件、回路图纸、手动试验条件和检修人员。,断路器|操作能源与控制回路故障|knowledge_fact,关系_links.xlsx,2,20260410
C000172,BRK_PLAN_20260410,slot_fact,断路器,操作能源与控制回路故障,knowledge_fact,操作能源与控制回路故障包含合分闸线圈故障 相关定义：操作能源与控制回路故障：高压断路器故障一级大类：操作能源与控制回路故障；合分闸线圈故障：操作能源与控制回路故障下的二级故障小类：合分闸线圈故障。,断路器|操作能源与控制回路故障|knowledge_fact,关系_links.xlsx,2,20260410
C000173,BRK_PLAN_20260410,slot_fact,断路器,操作能源与控制回路故障,knowledge_fact,合分闸线圈故障的故障原因为：主要由于合分闸线圈失压、欠电压、断线、匝间短路、绝缘损坏或烧毁引起；其中熔断器选择过大、线圈通电时间过长、频繁操作或机构调整不当，都可能促使线圈过热烧毁 相关定义：合分闸线圈故障：操作能源与控制回路故障下的二级故障小类：合分闸线圈故障。,断路器|操作能源与控制回路故障|knowledge_fact,关系_links.xlsx,2,20260410
C000174,BRK_PLAN_20260410,slot_fact,断路器,操作能源与控制回路故障,precursor,合分闸线圈故障的故障现象为：主要表现为线圈失压、欠电压、断线、匝间短路、绝缘损坏、过热烧毁，进而导致分闸或合闸命令无法可靠执行 相关定义：合分闸线圈故障：操作能源与控制回路故障下的二级故障小类：合分闸线圈故障。,断路器|操作能源与控制回路故障|precursor,关系_links.xlsx,4,20260410
C000175,BRK_PLAN_20260410,slot_fact,断路器,操作能源与控制回路故障,knowledge_fact,合分闸线圈故障处置合分闸线圈故障-应对措施 相关定义：合分闸线圈故障-应对措施：应检查合分闸线圈的直阻、绝缘和动作电压，处理失压、断线、匝间短路和烧毁问题；同时合理控制熔断器额定电流、避免频繁操作、缩短控制开关停留时间，并在检修后进行必要试验；合分闸线圈故障：操作能源与控制回路故障下的二级故障小类：合分闸线圈故障。,断路器|操作能源与控制回路故障|knowledge_fact,关系_links.xlsx,2,20260410
C000176,BRK_PLAN_20260410,slot_fact,断路器,操作能源与控制回路故障,fault_consequence,合分闸线圈故障-故障后果 相关定义：合分闸线圈故障-故障后果：主要后果是断路器动作驱动力不足或完全丧失，导致拒动、动作失败，并可能伴随线圈烧毁和相关回路损伤；合分闸线圈故障：操作能源与控制回路故障下的二级故障小类：合分闸线圈故障。,断路器|操作能源与控制回路故障|fault_consequence,关系_links.xlsx,5,20260410
C000177,BRK_PLAN_20260410,slot_fact,断路器,操作能源与控制回路故障,knowledge_fact,合分闸线圈故障-应对措施存在合分闸线圈故障-安全风险 相关定义：合分闸线圈故障-应对措施：应检查合分闸线圈的直阻、绝缘和动作电压，处理失压、断线、匝间短路和烧毁问题；同时合理控制熔断器额定电流、避免频繁操作、缩短控制开关停留时间，并在检修后进行必要试验；合分闸线圈故障-安全风险：在检测和更换线圈时，主要存在通电试验导致的过热烧毁、触电、电弧灼伤和机构误动作风险。,断路器|操作能源与控制回路故障|knowledge_fact,关系_links.xlsx,2,20260410
C000178,BRK_PLAN_20260410,slot_fact,断路器,操作能源与控制回路故障,knowledge_fact,合分闸线圈故障-应对措施需要合分闸线圈故障-应急资源 相关定义：合分闸线圈故障-应对措施：应检查合分闸线圈的直阻、绝缘和动作电压，处理失压、断线、匝间短路和烧毁问题；同时合理控制熔断器额定电流、避免频繁操作、缩短控制开关停留时间，并在检修后进行必要试验；合分闸线圈故障-应急资源：主要需要线圈直阻测试工具、备用线圈、熔断器备件、绝缘测试工具、低电压试验条件和检修人员。,断路器|操作能源与控制回路故障|knowledge_fact,关系_links.xlsx,2,20260410
C000179,BRK_PLAN_20260410,slot_fact,断路器,操作能源与控制回路故障,knowledge_fact,操作能源与控制回路故障包含辅助开关及转换接点异常故障 相关定义：辅助开关及转换接点异常故障：操作能源与控制回路故障下的二级故障小类：辅助开关及转换接点异常故障；操作能源与控制回路故障：高压断路器故障一级大类：操作能源与控制回路故障。,断路器|操作能源与控制回路故障|knowledge_fact,关系_links.xlsx,2,20260410
C000180,BRK_PLAN_20260410,slot_fact,断路器,操作能源与控制回路故障,knowledge_fact,辅助开关及转换接点异常故障的故障原因为：主要由于辅助开关安装不牢、接点转换不灵活、切换不可靠、接触不良、性能不稳定，以及转换接点生锈、松动、受潮、凝露或氧化，导致状态转换和控制联锁异常 相关定义：辅助开关及转换接点异常故障：操作能源与控制回路故障下的二级故障小类：辅助开关及转换接点异常故障。,断路器|操作能源与控制回路故障|knowledge_fact,关系_links.xlsx,2,20260410
C000181,BRK_PLAN_20260410,slot_fact,断路器,操作能源与控制回路故障,precursor,辅助开关及转换接点异常故障的故障现象为：主要表现为辅助开关接点切换不灵活、接触不良、状态指示错误、联锁信号异常、转换接点生锈或失灵 相关定义：辅助开关及转换接点异常故障：操作能源与控制回路故障下的二级故障小类：辅助开关及转换接点异常故障。,断路器|操作能源与控制回路故障|precursor,关系_links.xlsx,4,20260410
C000182,BRK_PLAN_20260410,slot_fact,断路器,操作能源与控制回路故障,knowledge_fact,辅助开关及转换接点异常故障处置辅助开关及转换接点异常故障-应对措施 相关定义：辅助开关及转换接点异常故障-应对措施：应保证辅助开关安装牢固，检查接点转换是否灵活、切换是否可靠、接触是否良好，及时处理松动、锈蚀、氧化、受潮和凝露问题，并调整辅助开关与机构间的连接松紧度；辅助开关及转换接点异常故障：操作能源与控制回路故障下的二级故障小类：辅助开关及转换接点异常故障。,断路器|操作能源与控制回路故障|knowledge_fact,关系_links.xlsx,2,20260410
C000183,BRK_PLAN_20260410,slot_fact,断路器,操作能源与控制回路故障,fault_consequence,辅助开关及转换接点异常故障-故障后果 相关定义：辅助开关及转换接点异常故障-故障后果：主要后果是状态指示、联锁和控制转换失真，可能造成误信号、误操作、拒动或动作逻辑错误；辅助开关及转换接点异常故障：操作能源与控制回路故障下的二级故障小类：辅助开关及转换接点异常故障。,断路器|操作能源与控制回路故障|fault_consequence,关系_links.xlsx,5,20260410
C000184,BRK_PLAN_20260410,slot_fact,断路器,操作能源与控制回路故障,knowledge_fact,辅助开关及转换接点异常故障-应对措施存在辅助开关及转换接点异常故障-安全风险 相关定义：辅助开关及转换接点异常故障-应对措施：应保证辅助开关安装牢固，检查接点转换是否灵活、切换是否可靠、接触是否良好，及时处理松动、锈蚀、氧化、受潮和凝露问题，并调整辅助开关与机构间的连接松紧度；辅助开关及转换接点异常故障-安全风险：在调整辅助开关和转换接点时，主要存在误指示、误联锁、误操作、触电和试验恢复后逻辑异常风险。,断路器|操作能源与控制回路故障|knowledge_fact,关系_links.xlsx,2,20260410
C000185,BRK_PLAN_20260410,slot_fact,断路器,操作能源与控制回路故障,knowledge_fact,辅助开关及转换接点异常故障-应对措施需要辅助开关及转换接点异常故障-应急资源 相关定义：辅助开关及转换接点异常故障-应对措施：应保证辅助开关安装牢固，检查接点转换是否灵活、切换是否可靠、接触是否良好，及时处理松动、锈蚀、氧化、受潮和凝露问题，并调整辅助开关与机构间的连接松紧度；辅助开关及转换接点异常故障-应急资源：主要需要辅助开关和接点类备件、清洁除锈材料、调整工器具、回路图纸和二次检修人员。,断路器|操作能源与控制回路故障|knowledge_fact,关系_links.xlsx,2,20260410
C000186,BRK_PLAN_20260410,slot_fact,断路器,继电保护与测量二次回路故障,knowledge_fact,继电保护与测量二次回路故障包含继电保护误动作故障 相关定义：继电保护与测量二次回路故障：高压断路器故障一级大类：继电保护与测量二次回路故障；继电保护误动作故障：继电保护与测量二次回路故障下的二级故障小类：继电保护误动作故障。,断路器|继电保护与测量二次回路故障|knowledge_fact,关系_links.xlsx,2,20260410
C000187,BRK_PLAN_20260410,slot_fact,断路器,继电保护与测量二次回路故障,knowledge_fact,继电保护误动作故障的故障原因为：主要由于继电保护装置本身质量问题、继电器实际动作值变化、误碰、振动、环境温度变化、空气中灰尘和腐蚀性气体、晶体管保护装置受直流电源电压波动或脉冲干扰等因素，引起保护误启动和误动作 相关定义：继电保护误动作故障：继电保护与测量二次回路故障下的二级故障小类：继电保护误动作故障。,断路器|继电保护与测量二次回路故障|knowledge_fact,关系_links.xlsx,2,20260410
C000188,BRK_PLAN_20260410,slot_fact,断路器,继电保护与测量二次回路故障,precursor,继电保护误动作故障的故障现象为：主要表现为保护装置在非故障状态下误启动、误发跳闸信号，保护动作与一次设备实际工况不一致 相关定义：继电保护误动作故障：继电保护与测量二次回路故障下的二级故障小类：继电保护误动作故障。,断路器|继电保护与测量二次回路故障|precursor,关系_links.xlsx,4,20260410
C000189,BRK_PLAN_20260410,slot_fact,断路器,继电保护与测量二次回路故障,knowledge_fact,继电保护误动作故障处置继电保护误动作故障-应对措施 相关定义：继电保护误动作故障-应对措施：应检查保护装置工作环境、直流电源稳定性和抗干扰情况，排查保护装置内部质量问题及振动、温度、灰尘、腐蚀性气体等外部因素影响，并校核保护动作行为是否与现场工况一致；继电保护误动作故障：继电保护与测量二次回路故障下的二级故障小类：继电保护误动作故障。,断路器|继电保护与测量二次回路故障|knowledge_fact,关系_links.xlsx,2,20260410
C000190,BRK_PLAN_20260410,slot_fact,断路器,继电保护与测量二次回路故障,fault_consequence,继电保护误动作故障-故障后果 相关定义：继电保护误动作故障-故障后果：主要后果是保护在非故障状态下误发动作命令，造成非计划跳闸、停电和运行方式扰动；继电保护误动作故障：继电保护与测量二次回路故障下的二级故障小类：继电保护误动作故障。,断路器|继电保护与测量二次回路故障|fault_consequence,关系_links.xlsx,5,20260410
C000191,BRK_PLAN_20260410,slot_fact,断路器,继电保护与测量二次回路故障,knowledge_fact,继电保护误动作故障-应对措施存在继电保护误动作故障-安全风险 相关定义：继电保护误动作故障-应对措施：应检查保护装置工作环境、直流电源稳定性和抗干扰情况，排查保护装置内部质量问题及振动、温度、灰尘、腐蚀性气体等外部因素影响，并校核保护动作行为是否与现场工况一致；继电保护误动作故障-安全风险：主要安全风险是保护误发跳闸命令导致非计划停电、运行扰动扩大，以及在排查中出现误试验、误整定和误操作风险。,断路器|继电保护与测量二次回路故障|knowledge_fact,关系_links.xlsx,2,20260410
C000192,BRK_PLAN_20260410,slot_fact,断路器,继电保护与测量二次回路故障,knowledge_fact,继电保护误动作故障-应对措施需要继电保护误动作故障-应急资源 相关定义：继电保护误动作故障-应对措施：应检查保护装置工作环境、直流电源稳定性和抗干扰情况，排查保护装置内部质量问题及振动、温度、灰尘、腐蚀性气体等外部因素影响，并校核保护动作行为是否与现场工况一致；继电保护误动作故障-应急资源：主要需要继电保护试验装置、二次回路图纸、整定单、计算机和调试软件、专业继保人员及运行配合条件。,断路器|继电保护与测量二次回路故障|knowledge_fact,关系_links.xlsx,2,20260410
C000193,BRK_PLAN_20260410,slot_fact,断路器,继电保护与测量二次回路故障,knowledge_fact,继电保护与测量二次回路故障包含保护整定不当故障 相关定义：继电保护与测量二次回路故障：高压断路器故障一级大类：继电保护与测量二次回路故障；保护整定不当故障：继电保护与测量二次回路故障下的二级故障小类：保护整定不当故障。,断路器|继电保护与测量二次回路故障|knowledge_fact,关系_links.xlsx,2,20260410
C000194,BRK_PLAN_20260410,slot_fact,断路器,继电保护与测量二次回路故障,knowledge_fact,保护整定不当故障的故障原因为：主要由于继电保护整定值设置不合理、动作门槛与现场运行条件不匹配或检修调整后未正确复核，使保护装置在非故障状态下误动作或在故障状态下动作不准确 相关定义：保护整定不当故障：继电保护与测量二次回路故障下的二级故障小类：保护整定不当故障。,断路器|继电保护与测量二次回路故障|knowledge_fact,关系_links.xlsx,2,20260410
C000195,BRK_PLAN_20260410,slot_fact,断路器,继电保护与测量二次回路故障,precursor,保护整定不当故障的故障现象为：主要表现为保护动作门槛偏离实际需要，造成误动、拒动、动作提前或滞后，保护行为不符合现场运行要求 相关定义：保护整定不当故障：继电保护与测量二次回路故障下的二级故障小类：保护整定不当故障。,断路器|继电保护与测量二次回路故障|precursor,关系_links.xlsx,4,20260410
C000196,BRK_PLAN_20260410,slot_fact,断路器,继电保护与测量二次回路故障,knowledge_fact,保护整定不当故障处置保护整定不当故障-应对措施 相关定义：保护整定不当故障-应对措施：应重新复核继电保护整定值，使其与现场运行方式和设备特性相匹配，必要时重新整定并进行动作试验验证；保护整定不当故障：继电保护与测量二次回路故障下的二级故障小类：保护整定不当故障。,断路器|继电保护与测量二次回路故障|knowledge_fact,关系_links.xlsx,2,20260410
C000197,BRK_PLAN_20260410,slot_fact,断路器,继电保护与测量二次回路故障,fault_consequence,保护整定不当故障-故障后果 相关定义：保护整定不当故障-故障后果：主要后果是保护选择性和灵敏性下降，可能出现误动、拒动、动作越级或故障切除不及时；保护整定不当故障：继电保护与测量二次回路故障下的二级故障小类：保护整定不当故障。,断路器|继电保护与测量二次回路故障|fault_consequence,关系_links.xlsx,5,20260410
C000198,BRK_PLAN_20260410,slot_fact,断路器,继电保护与测量二次回路故障,knowledge_fact,保护整定不当故障-应对措施存在保护整定不当故障-安全风险 相关定义：保护整定不当故障-应对措施：应重新复核继电保护整定值，使其与现场运行方式和设备特性相匹配，必要时重新整定并进行动作试验验证；保护整定不当故障-安全风险：主要安全风险是整定调整不当导致误动或拒动，在整定复核和试验中还存在误修改、误投退和电气试验风险。,断路器|继电保护与测量二次回路故障|knowledge_fact,关系_links.xlsx,2,20260410
C000199,BRK_PLAN_20260410,slot_fact,断路器,继电保护与测量二次回路故障,knowledge_fact,保护整定不当故障-应对措施需要保护整定不当故障-应急资源 相关定义：保护整定不当故障-应对措施：应重新复核继电保护整定值，使其与现场运行方式和设备特性相匹配，必要时重新整定并进行动作试验验证；保护整定不当故障-应急资源：主要需要整定计算资料、试验装置、定值单、保护调试工具、继保专业人员和运行方式资料。,断路器|继电保护与测量二次回路故障|knowledge_fact,关系_links.xlsx,2,20260410
C000200,BRK_PLAN_20260410,slot_fact,断路器,继电保护与测量二次回路故障,knowledge_fact,继电保护与测量二次回路故障包含互感器回路故障 相关定义：继电保护与测量二次回路故障：高压断路器故障一级大类：继电保护与测量二次回路故障；互感器回路故障：继电保护与测量二次回路故障下的二级故障小类：互感器回路故障。,断路器|继电保护与测量二次回路故障|knowledge_fact,关系_links.xlsx,2,20260410
C000201,BRK_PLAN_20260410,slot_fact,断路器,继电保护与测量二次回路故障,knowledge_fact,互感器回路故障的故障原因为：主要由于电流互感器、电压互感器及其二次回路接线异常、接触不良、绝缘缺陷或回路故障，导致保护和测量输入失真，从而影响断路器控制与保护判断 相关定义：互感器回路故障：继电保护与测量二次回路故障下的二级故障小类：互感器回路故障。,断路器|继电保护与测量二次回路故障|knowledge_fact,关系_links.xlsx,2,20260410
C000202,BRK_PLAN_20260410,slot_fact,断路器,继电保护与测量二次回路故障,precursor,互感器回路故障的故障现象为：主要表现为保护和测量输入异常、采样失真、保护判断偏差、控制逻辑异常，进而影响断路器动作判断 相关定义：互感器回路故障：继电保护与测量二次回路故障下的二级故障小类：互感器回路故障。,断路器|继电保护与测量二次回路故障|precursor,关系_links.xlsx,4,20260410
C000203,BRK_PLAN_20260410,slot_fact,断路器,继电保护与测量二次回路故障,knowledge_fact,互感器回路故障处置互感器回路故障-应对措施 相关定义：互感器回路故障-应对措施：应检查互感器及其二次回路接线、接触和绝缘状况，排除断线、接触不良、接线异常和绝缘缺陷，确保保护和测量输入正确可靠；互感器回路故障：继电保护与测量二次回路故障下的二级故障小类：互感器回路故障。,断路器|继电保护与测量二次回路故障|knowledge_fact,关系_links.xlsx,2,20260410
C000204,BRK_PLAN_20260410,slot_fact,断路器,继电保护与测量二次回路故障,fault_consequence,互感器回路故障-故障后果 相关定义：互感器回路故障-故障后果：主要后果是保护和测量输入失真，导致保护判断错误、控制行为偏差以及误动或拒动风险增加；互感器回路故障：继电保护与测量二次回路故障下的二级故障小类：互感器回路故障。,断路器|继电保护与测量二次回路故障|fault_consequence,关系_links.xlsx,5,20260410
C000205,BRK_PLAN_20260410,slot_fact,断路器,继电保护与测量二次回路故障,knowledge_fact,互感器回路故障-应对措施存在互感器回路故障-安全风险 相关定义：互感器回路故障-应对措施：应检查互感器及其二次回路接线、接触和绝缘状况，排除断线、接触不良、接线异常和绝缘缺陷，确保保护和测量输入正确可靠；互感器回路故障-安全风险：在检查互感器二次回路时，主要存在误接线、误判断、二次开路或短路风险，并可能引发保护失准和运行异常。,断路器|继电保护与测量二次回路故障|knowledge_fact,关系_links.xlsx,2,20260410
C000206,BRK_PLAN_20260410,slot_fact,断路器,继电保护与测量二次回路故障,knowledge_fact,互感器回路故障-应对措施需要互感器回路故障-应急资源 相关定义：互感器回路故障-应对措施：应检查互感器及其二次回路接线、接触和绝缘状况，排除断线、接触不良、接线异常和绝缘缺陷，确保保护和测量输入正确可靠；互感器回路故障-应急资源：主要需要互感器二次回路图纸、测试仪表、备用端子和连接件、绝缘测试工具以及二次检修人员。,断路器|继电保护与测量二次回路故障|knowledge_fact,关系_links.xlsx,2,20260410
C000207,BRK_PLAN_20260410,slot_fact,断路器,继电保护与测量二次回路故障,knowledge_fact,继电保护与测量二次回路故障包含保护出口回路接地故障 相关定义：继电保护与测量二次回路故障：高压断路器故障一级大类：继电保护与测量二次回路故障；保护出口回路接地故障：继电保护与测量二次回路故障下的二级故障小类：保护出口回路接地故障。,断路器|继电保护与测量二次回路故障|knowledge_fact,关系_links.xlsx,2,20260410
C000208,BRK_PLAN_20260410,slot_fact,断路器,继电保护与测量二次回路故障,knowledge_fact,保护出口回路接地故障的故障原因为：主要由于保护出口继电器线圈正电源侧接地或相关出口回路接地缺陷，使保护出口信号异常，可能诱发误跳、误合或出口回路失常 相关定义：保护出口回路接地故障：继电保护与测量二次回路故障下的二级故障小类：保护出口回路接地故障。,断路器|继电保护与测量二次回路故障|knowledge_fact,关系_links.xlsx,2,20260410
C000209,BRK_PLAN_20260410,slot_fact,断路器,继电保护与测量二次回路故障,precursor,保护出口回路接地故障的故障现象为：主要表现为保护出口信号异常、误发动作命令、出口回路绝缘异常，严重时引起误跳或出口回路失控 相关定义：保护出口回路接地故障：继电保护与测量二次回路故障下的二级故障小类：保护出口回路接地故障。,断路器|继电保护与测量二次回路故障|precursor,关系_links.xlsx,4,20260410
C000210,BRK_PLAN_20260410,slot_fact,断路器,继电保护与测量二次回路故障,knowledge_fact,保护出口回路接地故障处置保护出口回路接地故障-应对措施 相关定义：保护出口回路接地故障-应对措施：应检查保护出口继电器线圈正电源侧和相关出口回路的接地情况，消除接地缺陷后重新核验保护出口逻辑与动作链；保护出口回路接地故障：继电保护与测量二次回路故障下的二级故障小类：保护出口回路接地故障。,断路器|继电保护与测量二次回路故障|knowledge_fact,关系_links.xlsx,2,20260410
C000211,BRK_PLAN_20260410,slot_fact,断路器,继电保护与测量二次回路故障,fault_consequence,保护出口回路接地故障-故障后果 相关定义：保护出口回路接地故障-故障后果：主要后果是保护出口信号异常，可能误发动作命令或使出口回路失效，影响故障切除和设备安全；保护出口回路接地故障：继电保护与测量二次回路故障下的二级故障小类：保护出口回路接地故障。,断路器|继电保护与测量二次回路故障|fault_consequence,关系_links.xlsx,5,20260410
C000212,BRK_PLAN_20260410,slot_fact,断路器,继电保护与测量二次回路故障,knowledge_fact,保护出口回路接地故障-应对措施存在保护出口回路接地故障-安全风险 相关定义：保护出口回路接地故障-应对措施：应检查保护出口继电器线圈正电源侧和相关出口回路的接地情况，消除接地缺陷后重新核验保护出口逻辑与动作链；保护出口回路接地故障-安全风险：在处理保护出口回路接地时，主要存在误跳、误信号、触电和出口逻辑恢复不当的风险。,断路器|继电保护与测量二次回路故障|knowledge_fact,关系_links.xlsx,2,20260410
C000213,BRK_PLAN_20260410,slot_fact,断路器,继电保护与测量二次回路故障,knowledge_fact,保护出口回路接地故障-应对措施需要保护出口回路接地故障-应急资源 相关定义：保护出口回路接地故障-应对措施：应检查保护出口继电器线圈正电源侧和相关出口回路的接地情况，消除接地缺陷后重新核验保护出口逻辑与动作链；保护出口回路接地故障-应急资源：主要需要绝缘测试工具、回路图纸、出口继电器相关备件、试验装置和继保检修人员。,断路器|继电保护与测量二次回路故障|knowledge_fact,关系_links.xlsx,2,20260410
C000214,BRK_PLAN_20260410,slot_fact,断路器,继电保护与测量二次回路故障,knowledge_fact,继电保护与测量二次回路故障包含寄生回路故障 相关定义：继电保护与测量二次回路故障：高压断路器故障一级大类：继电保护与测量二次回路故障；寄生回路故障：继电保护与测量二次回路故障下的二级故障小类：寄生回路故障。,断路器|继电保护与测量二次回路故障|knowledge_fact,关系_links.xlsx,2,20260410
C000215,BRK_PLAN_20260410,slot_fact,断路器,继电保护与测量二次回路故障,knowledge_fact,寄生回路故障的故障原因为：主要由于二次系统中存在非设计预期的寄生通路或隐蔽回路，使控制和保护逻辑发生串扰、误触发或异常联动，最终引起断路器误动或运行异常 相关定义：寄生回路故障：继电保护与测量二次回路故障下的二级故障小类：寄生回路故障。,断路器|继电保护与测量二次回路故障|knowledge_fact,关系_links.xlsx,2,20260410
C000216,BRK_PLAN_20260410,slot_fact,断路器,继电保护与测量二次回路故障,precursor,寄生回路故障的故障现象为：主要表现为控制和保护逻辑出现异常串扰、非预期联动、回路间相互影响，导致误动、误信号或动作顺序混乱 相关定义：寄生回路故障：继电保护与测量二次回路故障下的二级故障小类：寄生回路故障。,断路器|继电保护与测量二次回路故障|precursor,关系_links.xlsx,4,20260410
C000217,BRK_PLAN_20260410,slot_fact,断路器,继电保护与测量二次回路故障,knowledge_fact,寄生回路故障处置寄生回路故障-应对措施 相关定义：寄生回路故障-应对措施：应梳理二次系统回路关系，查明隐蔽通路和异常串扰来源，消除不应存在的寄生回路，恢复控制和保护逻辑的独立性和可靠性；寄生回路故障：继电保护与测量二次回路故障下的二级故障小类：寄生回路故障。,断路器|继电保护与测量二次回路故障|knowledge_fact,关系_links.xlsx,2,20260410
C000218,BRK_PLAN_20260410,slot_fact,断路器,继电保护与测量二次回路故障,fault_consequence,寄生回路故障-故障后果 相关定义：寄生回路故障-故障后果：主要后果是控制与保护逻辑出现非预期联动、误信号或动作顺序异常，从而导致误动和运行混乱；寄生回路故障：继电保护与测量二次回路故障下的二级故障小类：寄生回路故障。,断路器|继电保护与测量二次回路故障|fault_consequence,关系_links.xlsx,5,20260410
C000219,BRK_PLAN_20260410,slot_fact,断路器,继电保护与测量二次回路故障,knowledge_fact,寄生回路故障-应对措施存在寄生回路故障-安全风险 相关定义：寄生回路故障-应对措施：应梳理二次系统回路关系，查明隐蔽通路和异常串扰来源，消除不应存在的寄生回路，恢复控制和保护逻辑的独立性和可靠性；寄生回路故障-安全风险：在查找隐蔽寄生通路时，主要存在误判断、误隔离、误动作和控制保护串扰继续扩大的风险。,断路器|继电保护与测量二次回路故障|knowledge_fact,关系_links.xlsx,2,20260410
C000220,BRK_PLAN_20260410,slot_fact,断路器,继电保护与测量二次回路故障,knowledge_fact,寄生回路故障-应对措施需要寄生回路故障-应急资源 相关定义：寄生回路故障-应对措施：应梳理二次系统回路关系，查明隐蔽通路和异常串扰来源，消除不应存在的寄生回路，恢复控制和保护逻辑的独立性和可靠性；寄生回路故障-应急资源：主要需要完整的二次回路图纸、逻辑排查工具、继保试验装置、经验丰富的二次专业人员和运行配合条件。,断路器|继电保护与测量二次回路故障|knowledge_fact,关系_links.xlsx,2,20260410
C000221,BRK_PLAN_20260410,slot_fact,断路器,本体绝缘与支撑结构故障,knowledge_fact,本体绝缘与支撑结构故障包含绝缘不良故障 相关定义：本体绝缘与支撑结构故障：高压断路器故障一级大类：本体绝缘与支撑结构故障；绝缘不良故障：本体绝缘与支撑结构故障下的二级故障小类：绝缘不良故障。,断路器|本体绝缘与支撑结构故障|knowledge_fact,关系_links.xlsx,2,20260410
C000222,BRK_PLAN_20260410,slot_fact,断路器,本体绝缘与支撑结构故障,knowledge_fact,绝缘不良故障的故障原因为：主要由于断路器本体绝缘部件受潮、老化、污染、损伤或绝缘水平下降，引起绝缘性能变差，形成闪络、放电或绝缘事故隐患 相关定义：绝缘不良故障：本体绝缘与支撑结构故障下的二级故障小类：绝缘不良故障。,断路器|本体绝缘与支撑结构故障|knowledge_fact,关系_links.xlsx,2,20260410
C000223,BRK_PLAN_20260410,slot_fact,断路器,本体绝缘与支撑结构故障,precursor,绝缘不良故障的故障现象为：主要表现为绝缘水平下降、放电、闪络、绝缘事故隐患增加，严重时影响断路器安全运行 相关定义：绝缘不良故障：本体绝缘与支撑结构故障下的二级故障小类：绝缘不良故障。,断路器|本体绝缘与支撑结构故障|precursor,关系_links.xlsx,4,20260410
C000224,BRK_PLAN_20260410,slot_fact,断路器,本体绝缘与支撑结构故障,knowledge_fact,绝缘不良故障处置绝缘不良故障-应对措施 相关定义：绝缘不良故障-应对措施：应加强绝缘部件检查、清扫、干燥和状态检修，处理污染、受潮、老化和损伤问题，必要时更换绝缘部件，恢复绝缘水平；绝缘不良故障：本体绝缘与支撑结构故障下的二级故障小类：绝缘不良故障。,断路器|本体绝缘与支撑结构故障|knowledge_fact,关系_links.xlsx,2,20260410
C000225,BRK_PLAN_20260410,slot_fact,断路器,本体绝缘与支撑结构故障,fault_consequence,绝缘不良故障-故障后果 相关定义：绝缘不良故障-故障后果：主要后果是放电、闪络和绝缘事故风险增大，严重时造成设备损坏和停电；绝缘不良故障：本体绝缘与支撑结构故障下的二级故障小类：绝缘不良故障。,断路器|本体绝缘与支撑结构故障|fault_consequence,关系_links.xlsx,5,20260410
C000226,BRK_PLAN_20260410,slot_fact,断路器,本体绝缘与支撑结构故障,knowledge_fact,绝缘不良故障-应对措施存在绝缘不良故障-安全风险 相关定义：绝缘不良故障-应对措施：应加强绝缘部件检查、清扫、干燥和状态检修，处理污染、受潮、老化和损伤问题，必要时更换绝缘部件，恢复绝缘水平；绝缘不良故障-安全风险：主要安全风险包括触电、闪络、电弧灼伤和处理过程中误接近带电部位的风险。,断路器|本体绝缘与支撑结构故障|knowledge_fact,关系_links.xlsx,2,20260410
C000227,BRK_PLAN_20260410,slot_fact,断路器,本体绝缘与支撑结构故障,knowledge_fact,绝缘不良故障-应对措施需要绝缘不良故障-应急资源 相关定义：绝缘不良故障-应对措施：应加强绝缘部件检查、清扫、干燥和状态检修，处理污染、受潮、老化和损伤问题，必要时更换绝缘部件，恢复绝缘水平；绝缘不良故障-应急资源：主要需要绝缘测试工具、清扫和干燥设备、备用绝缘件、绝缘防护用品和检修人员。,断路器|本体绝缘与支撑结构故障|knowledge_fact,关系_links.xlsx,2,20260410
C000228,BRK_PLAN_20260410,slot_fact,断路器,本体绝缘与支撑结构故障,knowledge_fact,本体绝缘与支撑结构故障包含瓷件损伤故障 相关定义：本体绝缘与支撑结构故障：高压断路器故障一级大类：本体绝缘与支撑结构故障；瓷件损伤故障：本体绝缘与支撑结构故障下的二级故障小类：瓷件损伤故障。,断路器|本体绝缘与支撑结构故障|knowledge_fact,关系_links.xlsx,2,20260410
C000229,BRK_PLAN_20260410,slot_fact,断路器,本体绝缘与支撑结构故障,knowledge_fact,瓷件损伤故障的故障原因为：主要由于安装和紧固过程中受力不均、用力过猛、机械冲击、长期运行应力作用或检修不当，导致瓷件产生裂纹、损伤甚至破裂 相关定义：瓷件损伤故障：本体绝缘与支撑结构故障下的二级故障小类：瓷件损伤故障。,断路器|本体绝缘与支撑结构故障|knowledge_fact,关系_links.xlsx,2,20260410
C000230,BRK_PLAN_20260410,slot_fact,断路器,本体绝缘与支撑结构故障,precursor,瓷件损伤故障的故障现象为：主要表现为瓷件表面出现裂纹、破损、缺口甚至断裂，影响断路器的绝缘和支撑能力 相关定义：瓷件损伤故障：本体绝缘与支撑结构故障下的二级故障小类：瓷件损伤故障。,断路器|本体绝缘与支撑结构故障|precursor,关系_links.xlsx,4,20260410
C000231,BRK_PLAN_20260410,slot_fact,断路器,本体绝缘与支撑结构故障,knowledge_fact,瓷件损伤故障处置瓷件损伤故障-应对措施 相关定义：瓷件损伤故障-应对措施：应在安装和检修中保证受力均匀，发现瓷件裂纹、破损或强度不足时及时更换，并避免用力过猛和不当装配导致二次损伤；瓷件损伤故障：本体绝缘与支撑结构故障下的二级故障小类：瓷件损伤故障。,断路器|本体绝缘与支撑结构故障|knowledge_fact,关系_links.xlsx,2,20260410
C000232,BRK_PLAN_20260410,slot_fact,断路器,本体绝缘与支撑结构故障,fault_consequence,瓷件损伤故障-故障后果 相关定义：瓷件损伤故障-故障后果：主要后果是绝缘能力和支撑能力下降，进一步可能引起闪络、机械断裂和设备停运；瓷件损伤故障：本体绝缘与支撑结构故障下的二级故障小类：瓷件损伤故障。,断路器|本体绝缘与支撑结构故障|fault_consequence,关系_links.xlsx,5,20260410
C000233,BRK_PLAN_20260410,slot_fact,断路器,本体绝缘与支撑结构故障,knowledge_fact,瓷件损伤故障-应对措施存在瓷件损伤故障-安全风险 相关定义：瓷件损伤故障-应对措施：应在安装和检修中保证受力均匀，发现瓷件裂纹、破损或强度不足时及时更换，并避免用力过猛和不当装配导致二次损伤；瓷件损伤故障-安全风险：在更换和处理瓷件时，主要存在瓷件碎裂飞溅、坠落、机械伤害、触电和绝缘失效风险。,断路器|本体绝缘与支撑结构故障|knowledge_fact,关系_links.xlsx,2,20260410
C000234,BRK_PLAN_20260410,slot_fact,断路器,本体绝缘与支撑结构故障,knowledge_fact,瓷件损伤故障-应对措施需要瓷件损伤故障-应急资源 相关定义：瓷件损伤故障-应对措施：应在安装和检修中保证受力均匀，发现瓷件裂纹、破损或强度不足时及时更换，并避免用力过猛和不当装配导致二次损伤；瓷件损伤故障-应急资源：主要需要备用瓷件、吊装和安装工器具、绝缘防护用品、停电作业条件和检修人员。,断路器|本体绝缘与支撑结构故障|knowledge_fact,关系_links.xlsx,2,20260410
C000235,BRK_PLAN_20260410,slot_fact,断路器,本体绝缘与支撑结构故障,knowledge_fact,本体绝缘与支撑结构故障包含本体连接件松动断裂故障 相关定义：本体绝缘与支撑结构故障：高压断路器故障一级大类：本体绝缘与支撑结构故障；本体连接件松动断裂故障：本体绝缘与支撑结构故障下的二级故障小类：本体连接件松动断裂故障。,断路器|本体绝缘与支撑结构故障|knowledge_fact,关系_links.xlsx,2,20260410
C000236,BRK_PLAN_20260410,slot_fact,断路器,本体绝缘与支撑结构故障,knowledge_fact,本体连接件松动断裂故障的故障原因为：主要由于本体连接拐臂、联板、轴销及相关连接件长期受力、紧固不当、松动失修、材质缺陷或疲劳损伤，逐渐出现弯曲、变形、松脱甚至断裂 相关定义：本体连接件松动断裂故障：本体绝缘与支撑结构故障下的二级故障小类：本体连接件松动断裂故障。,断路器|本体绝缘与支撑结构故障|knowledge_fact,关系_links.xlsx,2,20260410
C000237,BRK_PLAN_20260410,slot_fact,断路器,本体绝缘与支撑结构故障,precursor,本体连接件松动断裂故障的故障现象为：主要表现为本体连接拐臂、联板、轴销和紧固部位松动、位移、变形或断裂，使设备连接可靠性下降并可能伴随振动、异响和结构不稳 相关定义：本体连接件松动断裂故障：本体绝缘与支撑结构故障下的二级故障小类：本体连接件松动断裂故障。,断路器|本体绝缘与支撑结构故障|precursor,关系_links.xlsx,4,20260410
C000238,BRK_PLAN_20260410,slot_fact,断路器,本体绝缘与支撑结构故障,knowledge_fact,本体连接件松动断裂故障处置本体连接件松动断裂故障-应对措施 相关定义：本体连接件松动断裂故障-应对措施：应定期检查本体连接件、拐臂、联板和轴销的紧固与变形情况，发现松动、裂纹和断裂及时更换并重新紧固，查明受力异常原因后采取预防措施；本体连接件松动断裂故障：本体绝缘与支撑结构故障下的二级故障小类：本体连接件松动断裂故障。,断路器|本体绝缘与支撑结构故障|knowledge_fact,关系_links.xlsx,2,20260410
C000239,BRK_PLAN_20260410,slot_fact,断路器,本体绝缘与支撑结构故障,fault_consequence,本体连接件松动断裂故障-故障后果 相关定义：本体连接件松动断裂故障-故障后果：主要后果是本体结构稳定性下降，连接可靠性减弱，严重时引起设备振动、部件脱落、损坏扩大或停电；本体连接件松动断裂故障：本体绝缘与支撑结构故障下的二级故障小类：本体连接件松动断裂故障。,断路器|本体绝缘与支撑结构故障|fault_consequence,关系_links.xlsx,5,20260410
C000240,BRK_PLAN_20260410,slot_fact,断路器,本体绝缘与支撑结构故障,knowledge_fact,本体连接件松动断裂故障-应对措施存在本体连接件松动断裂故障-安全风险 相关定义：本体连接件松动断裂故障-应对措施：应定期检查本体连接件、拐臂、联板和轴销的紧固与变形情况，发现松动、裂纹和断裂及时更换并重新紧固，查明受力异常原因后采取预防措施；本体连接件松动断裂故障-安全风险：在紧固和更换连接件时，主要存在部件脱落、结构失稳、机械伤害、误送电和运行中再次断裂风险。,断路器|本体绝缘与支撑结构故障|knowledge_fact,关系_links.xlsx,2,20260410
C000241,BRK_PLAN_20260410,slot_fact,断路器,本体绝缘与支撑结构故障,knowledge_fact,本体连接件松动断裂故障-应对措施需要本体连接件松动断裂故障-应急资源 相关定义：本体连接件松动断裂故障-应对措施：应定期检查本体连接件、拐臂、联板和轴销的紧固与变形情况，发现松动、裂纹和断裂及时更换并重新紧固，查明受力异常原因后采取预防措施；本体连接件松动断裂故障-应急资源：主要需要备用连接件、紧固工器具、结构检查工具、起吊辅助设备和检修人员。,断路器|本体绝缘与支撑结构故障|knowledge_fact,关系_links.xlsx,2,20260410
C000242,BRK_PLAN_20260410,slot_fact,断路器,本体绝缘与支撑结构故障,knowledge_fact,本体绝缘与支撑结构故障包含绝缘拉杆拉脱故障 相关定义：本体绝缘与支撑结构故障：高压断路器故障一级大类：本体绝缘与支撑结构故障；绝缘拉杆拉脱故障：本体绝缘与支撑结构故障下的二级故障小类：绝缘拉杆拉脱故障。,断路器|本体绝缘与支撑结构故障|knowledge_fact,关系_links.xlsx,2,20260410
C000243,BRK_PLAN_20260410,slot_fact,断路器,本体绝缘与支撑结构故障,knowledge_fact,绝缘拉杆拉脱故障的故障原因为：主要由于绝缘拉杆安装不正确、连接固定不可靠、长期受力松动或配合部位损伤，导致拉杆在操作过程中发生拉脱，影响机构和本体的绝缘联接 相关定义：绝缘拉杆拉脱故障：本体绝缘与支撑结构故障下的二级故障小类：绝缘拉杆拉脱故障。,断路器|本体绝缘与支撑结构故障|knowledge_fact,关系_links.xlsx,2,20260410
C000244,BRK_PLAN_20260410,slot_fact,断路器,本体绝缘与支撑结构故障,precursor,绝缘拉杆拉脱故障的故障现象为：主要表现为绝缘拉杆从连接部位脱出、松脱或失去正常联接，导致操作传动和绝缘联接同时受损 相关定义：绝缘拉杆拉脱故障：本体绝缘与支撑结构故障下的二级故障小类：绝缘拉杆拉脱故障。,断路器|本体绝缘与支撑结构故障|precursor,关系_links.xlsx,4,20260410
C000245,BRK_PLAN_20260410,slot_fact,断路器,本体绝缘与支撑结构故障,knowledge_fact,绝缘拉杆拉脱故障处置绝缘拉杆拉脱故障-应对措施 相关定义：绝缘拉杆拉脱故障-应对措施：应检查绝缘拉杆安装和固定是否可靠，发现松动、位移和拉脱风险时及时校正、加固或更换，确保操作传动和绝缘连接同时满足要求；绝缘拉杆拉脱故障：本体绝缘与支撑结构故障下的二级故障小类：绝缘拉杆拉脱故障。,断路器|本体绝缘与支撑结构故障|knowledge_fact,关系_links.xlsx,2,20260410
C000246,BRK_PLAN_20260410,slot_fact,断路器,本体绝缘与支撑结构故障,fault_consequence,绝缘拉杆拉脱故障-故障后果 相关定义：绝缘拉杆拉脱故障-故障后果：主要后果是操作传动中断与绝缘联接失效并存，断路器无法正常动作，运行安全性明显下降；绝缘拉杆拉脱故障：本体绝缘与支撑结构故障下的二级故障小类：绝缘拉杆拉脱故障。,断路器|本体绝缘与支撑结构故障|fault_consequence,关系_links.xlsx,5,20260410
C000247,BRK_PLAN_20260410,slot_fact,断路器,本体绝缘与支撑结构故障,knowledge_fact,绝缘拉杆拉脱故障-应对措施存在绝缘拉杆拉脱故障-安全风险 相关定义：绝缘拉杆拉脱故障-应对措施：应检查绝缘拉杆安装和固定是否可靠，发现松动、位移和拉脱风险时及时校正、加固或更换，确保操作传动和绝缘连接同时满足要求；绝缘拉杆拉脱故障-安全风险：在处理拉杆脱落和重新安装时，主要存在传动失控、机械伤害、触电和恢复后联接不牢的风险。,断路器|本体绝缘与支撑结构故障|knowledge_fact,关系_links.xlsx,2,20260410
C000248,BRK_PLAN_20260410,slot_fact,断路器,本体绝缘与支撑结构故障,knowledge_fact,绝缘拉杆拉脱故障-应对措施需要绝缘拉杆拉脱故障-应急资源 相关定义：绝缘拉杆拉脱故障-应对措施：应检查绝缘拉杆安装和固定是否可靠，发现松动、位移和拉脱风险时及时校正、加固或更换，确保操作传动和绝缘连接同时满足要求；绝缘拉杆拉脱故障-应急资源：主要需要备用绝缘拉杆、安装和校正工器具、绝缘测试工具、停电作业条件和检修人员。,断路器|本体绝缘与支撑结构故障|knowledge_fact,关系_links.xlsx,2,20260410
C000249,BRK_PLAN_20260410,slot_fact,断路器,本体绝缘与支撑结构故障,knowledge_fact,本体绝缘与支撑结构故障包含基础支架失稳故障 相关定义：本体绝缘与支撑结构故障：高压断路器故障一级大类：本体绝缘与支撑结构故障；基础支架失稳故障：本体绝缘与支撑结构故障下的二级故障小类：基础支架失稳故障。,断路器|本体绝缘与支撑结构故障|knowledge_fact,关系_links.xlsx,2,20260410
C000250,BRK_PLAN_20260410,slot_fact,断路器,本体绝缘与支撑结构故障,knowledge_fact,基础支架失稳故障的故障原因为：主要由于基础支架不牢固、结构件安装质量不足、连接松动、长期运行后支撑刚度下降或外力作用，使断路器基础和支撑结构稳定性不足 相关定义：基础支架失稳故障：本体绝缘与支撑结构故障下的二级故障小类：基础支架失稳故障。,断路器|本体绝缘与支撑结构故障|knowledge_fact,关系_links.xlsx,2,20260410
C000251,BRK_PLAN_20260410,slot_fact,断路器,本体绝缘与支撑结构故障,precursor,基础支架失稳故障的故障现象为：主要表现为基础和支架松动、晃动、刚度不足、位置偏移或整体稳定性下降，影响断路器本体支撑和运行安全 相关定义：基础支架失稳故障：本体绝缘与支撑结构故障下的二级故障小类：基础支架失稳故障。,断路器|本体绝缘与支撑结构故障|precursor,关系_links.xlsx,4,20260410
C000252,BRK_PLAN_20260410,slot_fact,断路器,本体绝缘与支撑结构故障,knowledge_fact,基础支架失稳故障处置基础支架失稳故障-应对措施 相关定义：基础支架失稳故障-应对措施：应检查基础支架牢固程度和整体稳定性，对松动、刚度不足或位置偏移的支撑结构及时加固、调整或修复，防止失稳扩大；基础支架失稳故障：本体绝缘与支撑结构故障下的二级故障小类：基础支架失稳故障。,断路器|本体绝缘与支撑结构故障|knowledge_fact,关系_links.xlsx,2,20260410
C000253,BRK_PLAN_20260410,slot_fact,断路器,本体绝缘与支撑结构故障,fault_consequence,基础支架失稳故障-故障后果 相关定义：基础支架失稳故障-故障后果：主要后果是断路器本体支撑不牢、位置偏移或晃动加剧，严重时影响整体结构安全并导致设备停运；基础支架失稳故障：本体绝缘与支撑结构故障下的二级故障小类：基础支架失稳故障。,断路器|本体绝缘与支撑结构故障|fault_consequence,关系_links.xlsx,5,20260410
C000254,BRK_PLAN_20260410,slot_fact,断路器,本体绝缘与支撑结构故障,knowledge_fact,基础支架失稳故障-应对措施存在基础支架失稳故障-安全风险 相关定义：基础支架失稳故障-应对措施：应检查基础支架牢固程度和整体稳定性，对松动、刚度不足或位置偏移的支撑结构及时加固、调整或修复，防止失稳扩大；基础支架失稳故障-安全风险：在加固和修复基础支架时，主要存在设备倾斜、部件坠落、机械伤害和整体结构安全风险。,断路器|本体绝缘与支撑结构故障|knowledge_fact,关系_links.xlsx,2,20260410
C000255,BRK_PLAN_20260410,slot_fact,断路器,本体绝缘与支撑结构故障,knowledge_fact,基础支架失稳故障-应对措施需要基础支架失稳故障-应急资源 相关定义：基础支架失稳故障-应对措施：应检查基础支架牢固程度和整体稳定性，对松动、刚度不足或位置偏移的支撑结构及时加固、调整或修复，防止失稳扩大；基础支架失稳故障-应急资源：主要需要支架加固材料、紧固和测量工器具、必要的起吊支撑设备、结构检查手段和检修人员。,断路器|本体绝缘与支撑结构故障|knowledge_fact,关系_links.xlsx,2,20260410
C000263,BRK_PLAN_20260410,action_step,断路器,合分闸操作故障,action_steps,[1] 立即确认合分闸操作故障影响范围，隔离故障点并设置现场警戒。（安全提示：执行停电与验电流程，严禁带电误操作。）,断路器|合分闸操作故障|应急处置|先期控制,plan_actions.csv,5,20260410
C000264,BRK_PLAN_20260410,action_step,断路器,合分闸操作故障,action_steps,[2] 按倒闸操作票执行设备隔离，防止合分闸操作故障进一步扩展。（安全提示：双人复核关键开关状态并记录。）,断路器|合分闸操作故障|应急处置|隔离处置,plan_actions.csv,5,20260410
C000265,BRK_PLAN_20260410,action_step,断路器,合分闸操作故障,action_steps,[3] 组织抢修组处理合分闸操作故障直接缺陷，恢复关键设备最小可运行能力。（安全提示：优先处理可能引发人身风险的缺陷。）,断路器|合分闸操作故障|应急处置|抢修恢复,plan_actions.csv,5,20260410
C000266,BRK_PLAN_20260410,action_step,断路器,合分闸操作故障,action_steps,[4] 恢复后连续监测温升、绝缘、动作信号，验证合分闸操作故障是否消除。（安全提示：监测期间保留应急队伍待命。）,断路器|合分闸操作故障|应急处置|监测验证,plan_actions.csv,5,20260410
C000267,BRK_PLAN_20260410,action_step,断路器,合分闸操作故障,action_steps,[5] 完成合分闸操作故障处置复盘，更新作业指导书和应急物资清单。（安全提示：形成闭环台账并跟踪整改期限。）,断路器|合分闸操作故障|应急处置|复盘改进,plan_actions.csv,5,20260410
C000268,BRK_PLAN_20260410,action_step,断路器,导电回路与开断故障,action_steps,[1] 立即确认导电回路与开断故障影响范围，隔离故障点并设置现场警戒。（安全提示：执行停电与验电流程，严禁带电误操作。）,断路器|导电回路与开断故障|应急处置|先期控制,plan_actions.csv,5,20260410
C000269,BRK_PLAN_20260410,action_step,断路器,导电回路与开断故障,action_steps,[2] 按倒闸操作票执行设备隔离，防止导电回路与开断故障进一步扩展。（安全提示：双人复核关键开关状态并记录。）,断路器|导电回路与开断故障|应急处置|隔离处置,plan_actions.csv,5,20260410
C000270,BRK_PLAN_20260410,action_step,断路器,导电回路与开断故障,action_steps,[3] 组织抢修组处理导电回路与开断故障直接缺陷，恢复关键设备最小可运行能力。（安全提示：优先处理可能引发人身风险的缺陷。）,断路器|导电回路与开断故障|应急处置|抢修恢复,plan_actions.csv,5,20260410
C000271,BRK_PLAN_20260410,action_step,断路器,导电回路与开断故障,action_steps,[4] 恢复后连续监测温升、绝缘、动作信号，验证导电回路与开断故障是否消除。（安全提示：监测期间保留应急队伍待命。）,断路器|导电回路与开断故障|应急处置|监测验证,plan_actions.csv,5,20260410
C000272,BRK_PLAN_20260410,action_step,断路器,导电回路与开断故障,action_steps,[5] 完成导电回路与开断故障处置复盘，更新作业指导书和应急物资清单。（安全提示：形成闭环台账并跟踪整改期限。）,断路器|导电回路与开断故障|应急处置|复盘改进,plan_actions.csv,5,20260410
C000273,BRK_PLAN_20260410,action_step,断路器,操作能源与控制回路故障,action_steps,[1] 立即确认操作能源与控制回路故障影响范围，隔离故障点并设置现场警戒。（安全提示：执行停电与验电流程，严禁带电误操作。）,断路器|操作能源与控制回路故障|应急处置|先期控制,plan_actions.csv,5,20260410
C000274,BRK_PLAN_20260410,action_step,断路器,操作能源与控制回路故障,action_steps,[2] 按倒闸操作票执行设备隔离，防止操作能源与控制回路故障进一步扩展。（安全提示：双人复核关键开关状态并记录。）,断路器|操作能源与控制回路故障|应急处置|隔离处置,plan_actions.csv,5,20260410
C000275,BRK_PLAN_20260410,action_step,断路器,操作能源与控制回路故障,action_steps,[3] 组织抢修组处理操作能源与控制回路故障直接缺陷，恢复关键设备最小可运行能力。（安全提示：优先处理可能引发人身风险的缺陷。）,断路器|操作能源与控制回路故障|应急处置|抢修恢复,plan_actions.csv,5,20260410
C000276,BRK_PLAN_20260410,action_step,断路器,操作能源与控制回路故障,action_steps,[4] 恢复后连续监测温升、绝缘、动作信号，验证操作能源与控制回路故障是否消除。（安全提示：监测期间保留应急队伍待命。）,断路器|操作能源与控制回路故障|应急处置|监测验证,plan_actions.csv,5,20260410
C000277,BRK_PLAN_20260410,action_step,断路器,操作能源与控制回路故障,action_steps,[5] 完成操作能源与控制回路故障处置复盘，更新作业指导书和应急物资清单。（安全提示：形成闭环台账并跟踪整改期限。）,断路器|操作能源与控制回路故障|应急处置|复盘改进,plan_actions.csv,5,20260410
C000278,BRK_PLAN_20260410,action_step,断路器,操动机构与机械传动故障,action_steps,[1] 立即确认操动机构与机械传动故障影响范围，隔离故障点并设置现场警戒。（安全提示：执行停电与验电流程，严禁带电误操作。）,断路器|操动机构与机械传动故障|应急处置|先期控制,plan_actions.csv,5,20260410
C000279,BRK_PLAN_20260410,action_step,断路器,操动机构与机械传动故障,action_steps,[2] 按倒闸操作票执行设备隔离，防止操动机构与机械传动故障进一步扩展。（安全提示：双人复核关键开关状态并记录。）,断路器|操动机构与机械传动故障|应急处置|隔离处置,plan_actions.csv,5,20260410
C000280,BRK_PLAN_20260410,action_step,断路器,操动机构与机械传动故障,action_steps,[3] 组织抢修组处理操动机构与机械传动故障直接缺陷，恢复关键设备最小可运行能力。（安全提示：优先处理可能引发人身风险的缺陷。）,断路器|操动机构与机械传动故障|应急处置|抢修恢复,plan_actions.csv,5,20260410
C000281,BRK_PLAN_20260410,action_step,断路器,操动机构与机械传动故障,action_steps,[4] 恢复后连续监测温升、绝缘、动作信号，验证操动机构与机械传动故障是否消除。（安全提示：监测期间保留应急队伍待命。）,断路器|操动机构与机械传动故障|应急处置|监测验证,plan_actions.csv,5,20260410
C000282,BRK_PLAN_20260410,action_step,断路器,操动机构与机械传动故障,action_steps,[5] 完成操动机构与机械传动故障处置复盘，更新作业指导书和应急物资清单。（安全提示：形成闭环台账并跟踪整改期限。）,断路器|操动机构与机械传动故障|应急处置|复盘改进,plan_actions.csv,5,20260410
C000283,BRK_PLAN_20260410,action_step,断路器,本体绝缘与支撑结构故障,action_steps,[1] 立即确认本体绝缘与支撑结构故障影响范围，隔离故障点并设置现场警戒。（安全提示：执行停电与验电流程，严禁带电误操作。）,断路器|本体绝缘与支撑结构故障|应急处置|先期控制,plan_actions.csv,5,20260410
C000284,BRK_PLAN_20260410,action_step,断路器,本体绝缘与支撑结构故障,action_steps,[2] 按倒闸操作票执行设备隔离，防止本体绝缘与支撑结构故障进一步扩展。（安全提示：双人复核关键开关状态并记录。）,断路器|本体绝缘与支撑结构故障|应急处置|隔离处置,plan_actions.csv,5,20260410
C000285,BRK_PLAN_20260410,action_step,断路器,本体绝缘与支撑结构故障,action_steps,[3] 组织抢修组处理本体绝缘与支撑结构故障直接缺陷，恢复关键设备最小可运行能力。（安全提示：优先处理可能引发人身风险的缺陷。）,断路器|本体绝缘与支撑结构故障|应急处置|抢修恢复,plan_actions.csv,5,20260410
C000286,BRK_PLAN_20260410,action_step,断路器,本体绝缘与支撑结构故障,action_steps,[4] 恢复后连续监测温升、绝缘、动作信号，验证本体绝缘与支撑结构故障是否消除。（安全提示：监测期间保留应急队伍待命。）,断路器|本体绝缘与支撑结构故障|应急处置|监测验证,plan_actions.csv,5,20260410
C000287,BRK_PLAN_20260410,action_step,断路器,本体绝缘与支撑结构故障,action_steps,[5] 完成本体绝缘与支撑结构故障处置复盘，更新作业指导书和应急物资清单。（安全提示：形成闭环台账并跟踪整改期限。）,断路器|本体绝缘与支撑结构故障|应急处置|复盘改进,plan_actions.csv,5,20260410
C000288,BRK_PLAN_20260410,action_step,断路器,灭弧与介质状态故障,action_steps,[1] 立即确认灭弧与介质状态故障影响范围，隔离故障点并设置现场警戒。（安全提示：执行停电与验电流程，严禁带电误操作。）,断路器|灭弧与介质状态故障|应急处置|先期控制,plan_actions.csv,5,20260410
C000289,BRK_PLAN_20260410,action_step,断路器,灭弧与介质状态故障,action_steps,[2] 按倒闸操作票执行设备隔离，防止灭弧与介质状态故障进一步扩展。（安全提示：双人复核关键开关状态并记录。）,断路器|灭弧与介质状态故障|应急处置|隔离处置,plan_actions.csv,5,20260410
C000290,BRK_PLAN_20260410,action_step,断路器,灭弧与介质状态故障,action_steps,[3] 组织抢修组处理灭弧与介质状态故障直接缺陷，恢复关键设备最小可运行能力。（安全提示：优先处理可能引发人身风险的缺陷。）,断路器|灭弧与介质状态故障|应急处置|抢修恢复,plan_actions.csv,5,20260410
C000291,BRK_PLAN_20260410,action_step,断路器,灭弧与介质状态故障,action_steps,[4] 恢复后连续监测温升、绝缘、动作信号，验证灭弧与介质状态故障是否消除。（安全提示：监测期间保留应急队伍待命。）,断路器|灭弧与介质状态故障|应急处置|监测验证,plan_actions.csv,5,20260410
C000292,BRK_PLAN_20260410,action_step,断路器,灭弧与介质状态故障,action_steps,[5] 完成灭弧与介质状态故障处置复盘，更新作业指导书和应急物资清单。（安全提示：形成闭环台账并跟踪整改期限。）,断路器|灭弧与介质状态故障|应急处置|复盘改进,plan_actions.csv,5,20260410
C000293,BRK_PLAN_20260410,action_step,断路器,继电保护与测量二次回路故障,action_steps,[1] 立即确认继电保护与测量二次回路故障影响范围，隔离故障点并设置现场警戒。（安全提示：执行停电与验电流程，严禁带电误操作。）,断路器|继电保护与测量二次回路故障|应急处置|先期控制,plan_actions.csv,5,20260410
C000294,BRK_PLAN_20260410,action_step,断路器,继电保护与测量二次回路故障,action_steps,[2] 按倒闸操作票执行设备隔离，防止继电保护与测量二次回路故障进一步扩展。（安全提示：双人复核关键开关状态并记录。）,断路器|继电保护与测量二次回路故障|应急处置|隔离处置,plan_actions.csv,5,20260410
C000295,BRK_PLAN_20260410,action_step,断路器,继电保护与测量二次回路故障,action_steps,[3] 组织抢修组处理继电保护与测量二次回路故障直接缺陷，恢复关键设备最小可运行能力。（安全提示：优先处理可能引发人身风险的缺陷。）,断路器|继电保护与测量二次回路故障|应急处置|抢修恢复,plan_actions.csv,5,20260410
C000296,BRK_PLAN_20260410,action_step,断路器,继电保护与测量二次回路故障,action_steps,[4] 恢复后连续监测温升、绝缘、动作信号，验证继电保护与测量二次回路故障是否消除。（安全提示：监测期间保留应急队伍待命。）,断路器|继电保护与测量二次回路故障|应急处置|监测验证,plan_actions.csv,5,20260410
C000297,BRK_PLAN_20260410,action_step,断路器,继电保护与测量二次回路故障,action_steps,[5] 完成继电保护与测量二次回路故障处置复盘，更新作业指导书和应急物资清单。（安全提示：形成闭环台账并跟踪整改期限。）,断路器|继电保护与测量二次回路故障|应急处置|复盘改进,plan_actions.csv,5,20260410
C000298,BRK_PLAN_20260410,org_clause,断路器,通用,org_duty,应急处置领导小组：组长总经理，副组长副总经理，成员覆盖综合管理、财务、项目、工程、电力运营、安全生产、现场与医疗安监人员。,组织|职责|3.1.1,org_clauses.csv,4,20260410
C000299,BRK_PLAN_20260410,org_clause,断路器,通用,org_duty,应急处置办公室设在安全生产部，负责{fault_type}应急管理日常工作。,组织|职责|3.1.2,org_clauses.csv,4,20260410
C000300,BRK_PLAN_20260410,org_clause,断路器,通用,org_duty,应急处置工作组包括：抢险救援、安全保卫、交通医疗后勤、新闻发布、技术保障物资、善后处理六类工作组。,组织|职责|3.1.3,org_clauses.csv,4,20260410
C000301,BRK_PLAN_20260410,org_clause,断路器,通用,org_duty,领导小组负责启动/解除应急命令、统一指挥{fault_type}处置、上报与外部支援请求。,组织|职责|3.2.1,org_clauses.csv,4,20260410
C000302,BRK_PLAN_20260410,org_clause,断路器,通用,org_duty,办公室负责事故报告、措施督办、演练检查、复盘考核与善后协调。,组织|职责|3.2.2,org_clauses.csv,4,20260410
C000303,BRK_PLAN_20260410,org_clause,断路器,通用,org_duty,各工作组按职责执行技术指导、秩序管控、医疗后勤、信息发布、物资供给及善后恢复。,组织|职责|3.2.3,org_clauses.csv,4,20260410
C000304,BRK_PLAN_20260410,slot_missing_marker,断路器,合分闸操作故障,fault_level,[[MISSING_FROM_GRAPH]] fault_type=合分闸操作故障; slot_key=fault_level; reason=图谱缺少该槽位显式事实，请在生成阶段基于已有事实谨慎推理补全。,断路器|合分闸操作故障|fault_level|MISSING_FROM_GRAPH,generated_missing_marker,1,20260410_missing_marked
C000305,BRK_PLAN_20260410,slot_missing_marker,断路器,合分闸操作故障,safety_risk,[[MISSING_FROM_GRAPH]] fault_type=合分闸操作故障; slot_key=safety_risk; reason=图谱缺少该槽位显式事实，请在生成阶段基于已有事实谨慎推理补全。,断路器|合分闸操作故障|safety_risk|MISSING_FROM_GRAPH,generated_missing_marker,1,20260410_missing_marked
C000306,BRK_PLAN_20260410,slot_missing_marker,断路器,导电回路与开断故障,fault_level,[[MISSING_FROM_GRAPH]] fault_type=导电回路与开断故障; slot_key=fault_level; reason=图谱缺少该槽位显式事实，请在生成阶段基于已有事实谨慎推理补全。,断路器|导电回路与开断故障|fault_level|MISSING_FROM_GRAPH,generated_missing_marker,1,20260410_missing_marked
C000307,BRK_PLAN_20260410,slot_missing_marker,断路器,导电回路与开断故障,safety_risk,[[MISSING_FROM_GRAPH]] fault_type=导电回路与开断故障; slot_key=safety_risk; reason=图谱缺少该槽位显式事实，请在生成阶段基于已有事实谨慎推理补全。,断路器|导电回路与开断故障|safety_risk|MISSING_FROM_GRAPH,generated_missing_marker,1,20260410_missing_marked
C000308,BRK_PLAN_20260410,slot_missing_marker,断路器,操作能源与控制回路故障,fault_level,[[MISSING_FROM_GRAPH]] fault_type=操作能源与控制回路故障; slot_key=fault_level; reason=图谱缺少该槽位显式事实，请在生成阶段基于已有事实谨慎推理补全。,断路器|操作能源与控制回路故障|fault_level|MISSING_FROM_GRAPH,generated_missing_marker,1,20260410_missing_marked
C000309,BRK_PLAN_20260410,slot_missing_marker,断路器,操作能源与控制回路故障,safety_risk,[[MISSING_FROM_GRAPH]] fault_type=操作能源与控制回路故障; slot_key=safety_risk; reason=图谱缺少该槽位显式事实，请在生成阶段基于已有事实谨慎推理补全。,断路器|操作能源与控制回路故障|safety_risk|MISSING_FROM_GRAPH,generated_missing_marker,1,20260410_missing_marked
C000310,BRK_PLAN_20260410,slot_missing_marker,断路器,操动机构与机械传动故障,fault_level,[[MISSING_FROM_GRAPH]] fault_type=操动机构与机械传动故障; slot_key=fault_level; reason=图谱缺少该槽位显式事实，请在生成阶段基于已有事实谨慎推理补全。,断路器|操动机构与机械传动故障|fault_level|MISSING_FROM_GRAPH,generated_missing_marker,1,20260410_missing_marked
C000311,BRK_PLAN_20260410,slot_missing_marker,断路器,操动机构与机械传动故障,safety_risk,[[MISSING_FROM_GRAPH]] fault_type=操动机构与机械传动故障; slot_key=safety_risk; reason=图谱缺少该槽位显式事实，请在生成阶段基于已有事实谨慎推理补全。,断路器|操动机构与机械传动故障|safety_risk|MISSING_FROM_GRAPH,generated_missing_marker,1,20260410_missing_marked
C000312,BRK_PLAN_20260410,slot_missing_marker,断路器,本体绝缘与支撑结构故障,fault_level,[[MISSING_FROM_GRAPH]] fault_type=本体绝缘与支撑结构故障; slot_key=fault_level; reason=图谱缺少该槽位显式事实，请在生成阶段基于已有事实谨慎推理补全。,断路器|本体绝缘与支撑结构故障|fault_level|MISSING_FROM_GRAPH,generated_missing_marker,1,20260410_missing_marked
C000313,BRK_PLAN_20260410,slot_missing_marker,断路器,本体绝缘与支撑结构故障,safety_risk,[[MISSING_FROM_GRAPH]] fault_type=本体绝缘与支撑结构故障; slot_key=safety_risk; reason=图谱缺少该槽位显式事实，请在生成阶段基于已有事实谨慎推理补全。,断路器|本体绝缘与支撑结构故障|safety_risk|MISSING_FROM_GRAPH,generated_missing_marker,1,20260410_missing_marked
C000314,BRK_PLAN_20260410,slot_missing_marker,断路器,灭弧与介质状态故障,fault_level,[[MISSING_FROM_GRAPH]] fault_type=灭弧与介质状态故障; slot_key=fault_level; reason=图谱缺少该槽位显式事实，请在生成阶段基于已有事实谨慎推理补全。,断路器|灭弧与介质状态故障|fault_level|MISSING_FROM_GRAPH,generated_missing_marker,1,20260410_missing_marked
C000315,BRK_PLAN_20260410,slot_missing_marker,断路器,灭弧与介质状态故障,safety_risk,[[MISSING_FROM_GRAPH]] fault_type=灭弧与介质状态故障; slot_key=safety_risk; reason=图谱缺少该槽位显式事实，请在生成阶段基于已有事实谨慎推理补全。,断路器|灭弧与介质状态故障|safety_risk|MISSING_FROM_GRAPH,generated_missing_marker,1,20260410_missing_marked
C000316,BRK_PLAN_20260410,slot_missing_marker,断路器,继电保护与测量二次回路故障,fault_level,[[MISSING_FROM_GRAPH]] fault_type=继电保护与测量二次回路故障; slot_key=fault_level; reason=图谱缺少该槽位显式事实，请在生成阶段基于已有事实谨慎推理补全。,断路器|继电保护与测量二次回路故障|fault_level|MISSING_FROM_GRAPH,generated_missing_marker,1,20260410_missing_marked
C000317,BRK_PLAN_20260410,slot_missing_marker,断路器,继电保护与测量二次回路故障,safety_risk,[[MISSING_FROM_GRAPH]] fault_type=继电保护与测量二次回路故障; slot_key=safety_risk; reason=图谱缺少该槽位显式事实，请在生成阶段基于已有事实谨慎推理补全。,断路器|继电保护与测量二次回路故障|safety_risk|MISSING_FROM_GRAPH,generated_missing_marker,1,20260410_missing_marked
